1,2,3,4,5,6,7,8,9,10,11,12,13,14,15,16,17,18,19,20,21,22,23,24,25,26,label
23,207.0,284.0,334.0,411.0,369.0,188.0,119.0,161.0,211.0,219.0,0.0,0.0,0.0,0.0,0.0,0.0,0.0,0.0,0.0,0.0,0.0,0.0,0.0,0.0,0.0,E
326,334.0,311.0,419.0,419.0,403.0,242.0,353.0,373.0,273.0,234.0,311.0,434.0,315.0,273.0,226.0,0.0,0.0,0.0,0.0,0.0,0.0,0.0,0.0,0.0,0.0,E
361,323.0,419.0,461.0,392.0,434.0,407.0,384.0,284.0,238.0,361.0,334.0,203.0,273.0,253.0,169.0,223.0,0.0,0.0,0.0,0.0,0.0,0.0,0.0,0.0,0.0,E
196,223.0,284.0,338.0,438.0,357.0,307.0,357.0,373.0,365.0,338.0,311.0,257.0,261.0,296.0,357.0,184.0,238.0,0.0,0.0,0.0,0.0,0.0,0.0,0.0,0.0,E
323,388.0,365.0,273.0,388.0,338.0,207.0,223.0,319.0,353.0,273.0,215.0,319.0,319.0,234.0,242.0,361.0,376.0,384.0,142.0,0.0,0.0,0.0,0.0,0.0,0.0,E
392,369.0,361.0,388.0,469.0,365.0,373.0,338.0,353.0,342.0,373.0,296.0,269.0,319.0,346.0,157.0,332.0,376.0,359.0,153.5,0.0,0.0,0.0,0.0,0.0,0.0,E
338,392.0,365.0,338.0,307.0,446.0,303.0,346.0,353.0,292.0,261.0,415.0,376.0,173.0,207.0,207.0,303.0,376.0,334.0,165.0,0.0,0.0,0.0,0.0,0.0,0.0,E
265,273.0,296.0,288.0,165.0,223.0,403.0,323.0,434.0,323.0,292.0,334.0,388.0,369.0,396.0,496.0,411.0,331.0,289.75,176.5,0.0,0.0,0.0,0.0,0.0,0.0,E
323,311.0,376.0,415.0,415.0,226.0,334.0,369.0,423.0,465.0,384.0,319.0,303.0,292.0,253.0,392.0,276.5,286.0,245.5,188.0,0.0,0.0,0.0,0.0,0.0,0.0,E
388,453.0,384.0,407.0,334.0,315.0,346.0,288.0,384.0,361.0,361.0,388.0,361.0,319.0,453.0,288.0,142.0,241.0,201.25,199.5,0.0,0.0,0.0,0.0,0.0,0.0,E
346,326.0,388.0,369.0,261.0,326.0,315.0,415.0,461.0,423.0,292.0,453.0,453.0,361.0,315.0,419.0,219.0,196.0,157.0,211.0,0.0,0.0,0.0,0.0,0.0,0.0,E
326,307.0,253.0,215.0,342.0,242.0,461.0,484.0,311.0,215.0,357.0,346.0,273.0,288.0,76.0,246.0,236.0,242.0,189.0,222.5,0.0,0.0,0.0,0.0,0.0,0.0,E
234,353.0,261.0,284.0,457.0,488.0,423.0,323.0,257.0,161.0,273.0,361.0,353.0,446.0,392.0,319.0,253.0,288.0,221.0,234.0,0.0,0.0,0.0,0.0,0.0,0.0,E
315,284.0,323.0,261.0,323.0,373.0,203.0,176.0,257.0,284.0,192.0,138.0,296.0,311.0,96.0,146.0,234.0,153.0,253.0,245.5,0.0,0.0,0.0,0.0,0.0,0.0,E
288,215.0,307.0,226.0,284.0,315.0,346.0,338.0,373.0,284.0,353.0,346.0,323.0,176.0,223.0,319.0,326.0,173.0,296.0,257.0,334.0,0.0,0.0,0.0,0.0,0.0,E
369,361.0,323.0,342.0,465.0,438.0,469.0,438.0,315.0,384.0,323.0,223.0,207.0,226.0,203.0,255.5,274.5,170.33333333333334,285.0,265.0,324.4761904761905,0.0,0.0,0.0,0.0,0.0,E
276,273.0,342.0,373.0,373.0,465.0,392.0,419.0,434.0,226.0,284.0,326.0,173.0,307.0,323.0,192.0,223.0,167.66666666666666,274.0,273.0,314.95238095238096,0.0,0.0,0.0,0.0,0.0,E
323,292.0,357.0,388.0,323.0,284.0,238.0,265.0,265.0,296.0,419.0,292.0,365.0,196.0,292.0,269.0,238.0,165.0,263.0,281.0,305.42857142857144,0.0,0.0,0.0,0.0,0.0,E
288,261.0,219.0,226.0,357.0,388.0,292.0,434.0,311.0,326.0,376.0,376.0,288.0,261.0,296.0,426.0,365.0,392.0,252.0,289.0,295.9047619047619,0.0,0.0,0.0,0.0,0.0,E
442,388.0,476.0,484.0,342.0,465.0,338.0,326.0,261.0,265.0,346.0,211.0,257.0,292.0,426.0,426.0,327.6666666666667,358.6666666666667,241.0,297.0,286.3809523809524,0.0,0.0,0.0,0.0,0.0,E
376,476.0,315.0,384.0,319.0,376.0,369.0,419.0,211.0,323.0,388.0,403.0,246.0,253.0,389.5,370.5,290.3333333333333,325.3333333333333,230.0,305.0,276.8571428571429,0.0,0.0,0.0,0.0,0.0,E
407,246.0,226.0,307.0,253.0,161.0,215.0,365.0,357.0,446.0,423.0,311.0,353.0,369.0,353.0,315.0,253.0,292.0,219.0,313.0,267.3333333333333,0.0,0.0,0.0,0.0,0.0,E
246,192.0,146.0,288.0,296.0,257.0,284.0,192.0,269.0,338.0,396.0,369.0,338.0,292.0,234.0,273.0,342.0,265.0,165.0,321.0,257.8095238095238,0.0,0.0,0.0,0.0,0.0,E
288,338.0,257.0,311.0,353.0,296.0,284.0,269.0,492.0,453.0,384.0,246.0,265.0,442.0,296.0,338.0,192.0,240.0,193.16666666666666,329.0,248.28571428571428,0.0,0.0,0.0,0.0,0.0,E
338,319.0,319.0,253.0,196.0,265.0,326.0,142.0,188.0,276.0,319.0,146.0,311.0,242.0,107.0,26.0,161.0,215.0,221.33333333333334,337.0,238.76190476190476,0.0,0.0,0.0,0.0,0.0,E
196,426.0,292.0,307.0,296.0,246.0,265.0,238.0,238.0,238.0,326.0,361.0,361.0,296.0,173.0,96.66666666666667,186.66666666666666,238.0,249.5,345.0,229.23809523809524,0.0,0.0,0.0,0.0,0.0,E
365,311.0,369.0,315.0,357.0,384.0,442.0,334.0,265.0,319.0,292.0,357.0,223.0,234.5,223.0,167.33333333333334,212.33333333333334,261.0,277.6666666666667,353.0,219.71428571428572,0.0,0.0,0.0,0.0,0.0,E
153,253.0,315.0,434.0,415.0,407.0,369.0,342.0,357.0,196.0,219.0,242.0,88.0,173.0,273.0,238.0,238.0,284.0,305.83333333333337,361.0,210.1904761904762,0.0,0.0,0.0,0.0,0.0,E
323,384.0,353.0,288.0,357.0,273.0,342.0,288.0,426.0,453.0,369.0,265.0,369.0,411.0,284.0,326.0,211.0,307.0,334.0,369.0,200.66666666666666,0.0,0.0,0.0,0.0,0.0,E
496,496.0,361.0,374.5,376.5,228.5,269.0,242.0,355.0,345.5,338.0,295.5,376.5,347.2,274.3333333333333,305.5,196.83333333333334,276.8333333333333,323.0,349.7142857142857,191.14285714285714,0.0,0.0,0.0,0.0,0.0,E
438,392.0,369.0,461.0,396.0,184.0,196.0,196.0,284.0,238.0,307.0,326.0,384.0,283.4,264.6666666666667,285.0,182.66666666666666,246.66666666666666,312.0,330.42857142857144,181.61904761904762,0.0,0.0,0.0,0.0,0.0,E
442,469.0,384.0,419.0,219.0,311.0,246.0,192.0,269.0,229.0,262.3333333333333,271.0,350.6666666666667,219.60000000000002,255.0,264.5,168.5,216.5,301.0,311.14285714285717,172.0952380952381,0.0,0.0,0.0,0.0,0.0,E
57,394.0,370.5,401.5,315.0,309.0,265.0,238.0,257.5,220.0,217.66666666666669,216.0,317.3333333333333,155.8,245.33333333333334,244.0,154.33333333333334,186.33333333333331,290.0,291.8571428571429,162.57142857142858,0.0,0.0,0.0,0.0,0.0,E
57,319.0,357.0,384.0,411.0,307.0,284.0,284.0,246.0,211.0,173.0,161.0,284.0,92.0,235.66666666666669,223.5,140.16666666666669,156.16666666666666,279.0,272.57142857142856,153.04761904761904,0.0,0.0,0.0,0.0,0.0,E
419,434.0,423.0,357.0,426.0,496.0,388.0,476.0,357.0,253.0,111.0,103.0,176.0,192.0,226.0,203.0,126.0,126.0,268.0,253.28571428571428,143.52380952380952,0.0,0.0,0.0,0.0,0.0,E
219,315.0,273.0,407.0,426.0,415.0,346.0,403.0,407.0,373.0,376.0,338.0,176.0,157.0,284.0,184.0,184.0,176.0,257.0,234.0,134.0,0.0,0.0,0.0,0.0,0.0,E
215,326.0,361.0,307.0,234.0,319.0,388.0,303.0,319.0,323.0,138.0,261.0,423.0,465.0,373.0,373.0,484.0,191.875,254.625,241.25,159.5,0.0,0.0,0.0,0.0,0.0,E
323,334.0,284.0,157.0,157.0,134.0,265.0,176.0,488.0,346.0,211.0,259.0,324.5,374.5,348.0,353.5,372.5,207.75,252.25,248.5,185.0,0.0,0.0,0.0,0.0,0.0,E
388,334.0,176.0,76.0,103.0,23.0,253.0,319.0,442.0,369.0,284.0,257.0,226.0,284.0,323.0,334.0,261.0,223.625,249.875,255.75,210.5,0.0,0.0,0.0,0.0,0.0,E
326,396.0,376.0,453.0,438.0,369.0,303.0,269.0,76.0,238.0,415.0,376.0,303.0,34.0,157.0,111.0,285.3333333333333,239.5,247.5,263.0,236.0,0.0,0.0,0.0,0.0,0.0,E
442,457.0,453.0,415.0,286.0,257.5,270.5,217.0,134.0,153.5,234.0,222.5,157.0,97.5,140.0,149.5,309.6666666666667,255.375,245.125,270.25,261.5,0.0,0.0,0.0,0.0,0.0,E
196,146.0,215.0,246.0,134.0,146.0,238.0,165.0,192.0,69.0,53.0,69.0,11.0,161.0,123.0,188.0,334.0,271.25,242.75,277.5,287.0,0.0,0.0,0.0,0.0,0.0,E
203,238.0,411.0,319.0,415.0,188.0,469.0,226.0,361.0,246.0,296.0,123.0,157.0,209.0,153.5,226.5,253.5,287.125,240.375,284.75,312.5,0.0,0.0,0.0,0.0,0.0,E
188,269.0,246.0,384.0,396.0,361.0,361.0,388.0,396.0,411.0,284.0,146.0,223.0,257.0,184.0,265.0,173.0,303.0,238.0,292.0,338.0,0.0,0.0,0.0,0.0,0.0,E
238,353.0,307.0,423.0,396.0,411.0,265.0,246.0,238.0,161.0,261.0,196.0,184.0,192.0,191.8,258.8,183.6,281.3333333333333,247.66666666666666,303.5,310.5,0.0,0.0,0.0,0.0,0.0,E
334,319.0,396.0,323.0,338.0,284.0,319.0,246.0,115.0,107.0,257.0,246.0,212.0,229.5,199.6,252.6,194.2,259.6666666666667,257.3333333333333,315.0,283.0,0.0,0.0,0.0,0.0,0.0,E
123,323.0,492.0,307.0,496.0,415.0,465.0,476.0,365.0,153.0,276.3333333333333,296.0,240.0,267.0,207.4,246.4,204.8,238.0,267.0,326.5,255.5,0.0,0.0,0.0,0.0,0.0,E
3,396.0,426.0,423.0,396.0,342.0,367.0,345.5,311.0,186.0,295.6666666666667,346.0,268.0,304.5,215.2,240.2,215.4,216.33333333333331,276.6666666666667,338.0,228.0,0.0,0.0,0.0,0.0,0.0,E
292,257.0,326.0,407.0,384.0,292.0,269.0,215.0,257.0,219.0,315.0,396.0,296.0,342.0,223.0,234.0,226.0,194.66666666666666,286.3333333333333,349.5,200.5,0.0,0.0,0.0,0.0,0.0,E
257,246.0,288.0,303.0,323.0,276.0,257.0,292.0,242.0,365.0,273.0,207.0,211.0,242.0,242.0,223.0,211.0,173.0,296.0,361.0,173.0,288.0,0.0,0.0,0.0,0.0,E
423,242.0,269.0,288.0,276.0,423.0,423.0,473.0,269.0,307.0,307.0,219.0,292.0,323.0,257.0,111.0,263.0,207.5,273.6,356.53846153846155,183.44444444444446,287.1272727272727,0.0,0.0,0.0,0.0,E
311,392.0,238.0,334.0,238.0,407.0,373.0,376.0,369.0,434.0,138.0,169.0,307.0,315.0,303.0,211.0,315.0,242.0,251.2,352.0769230769231,193.88888888888889,286.25454545454545,0.0,0.0,0.0,0.0,E
323,338.0,407.0,419.0,488.0,369.0,376.0,365.0,265.0,219.0,388.0,369.0,261.0,288.0,242.0,207.0,246.0,231.66666666666666,228.8,347.61538461538464,204.33333333333334,285.3818181818182,0.0,0.0,0.0,0.0,E
334,465.0,473.0,315.0,369.0,234.0,411.0,288.0,288.0,234.0,257.0,288.0,323.0,342.0,276.0,161.0,194.0,221.33333333333334,206.4,343.15384615384613,214.77777777777777,284.5090909090909,0.0,0.0,0.0,0.0,E
392,319.0,346.0,242.0,373.0,353.0,361.0,261.0,265.0,373.0,203.0,292.0,319.0,307.0,265.0,238.0,142.0,211.0,184.0,338.6923076923077,225.22222222222223,283.6363636363636,0.0,0.0,0.0,0.0,E
196,303.0,265.0,415.0,288.0,315.0,407.0,388.0,242.0,192.0,288.0,269.0,284.0,311.0,273.0,407.0,403.0,442.0,203.0,334.2307692307692,235.66666666666669,282.76363636363635,0.0,0.0,0.0,0.0,E
226,261.0,411.0,465.0,384.0,384.0,311.0,242.0,338.0,353.0,184.0,234.0,196.0,346.0,296.0,257.0,219.0,246.0,220.14285714285714,329.7692307692308,246.11111111111111,281.8909090909091,0.0,0.0,0.0,0.0,E
153,257.0,226.0,215.0,288.0,269.0,446.0,461.0,357.0,446.0,257.0,242.0,376.0,153.0,301.5,307.0,196.6,244.0,237.28571428571428,325.3076923076923,256.55555555555554,281.0181818181818,0.0,0.0,0.0,0.0,E
215,361.0,261.0,246.0,269.0,134.0,169.0,215.0,292.0,246.0,292.0,296.0,253.0,269.0,307.0,357.0,174.2,242.0,254.42857142857144,320.84615384615387,267.0,280.1454545454545,0.0,0.0,0.0,0.0,E
488,484.0,319.0,384.0,326.0,376.0,292.0,373.0,434.0,388.0,434.0,303.0,253.0,307.5,280.0,338.0,151.8,240.0,271.57142857142856,316.38461538461536,277.44444444444446,279.27272727272725,0.0,0.0,0.0,0.0,E
469,396.0,438.0,396.0,342.0,238.0,296.0,376.0,361.0,242.0,103.0,165.0,253.0,346.0,253.0,319.0,129.4,238.0,288.7142857142857,311.9230769230769,287.8888888888889,278.4,0.0,0.0,0.0,0.0,E
238,315.0,303.0,292.0,388.0,326.0,373.0,192.0,219.0,192.0,203.0,315.0,219.0,353.0,273.0,238.0,107.0,236.0,305.8571428571429,307.46153846153845,298.33333333333337,277.5272727272727,0.0,0.0,0.0,0.0,E
315,384.0,188.0,326.0,334.0,369.0,392.0,384.0,284.0,207.0,169.0,284.0,353.0,357.0,284.0,353.0,273.0,234.0,323.0,303.0,308.77777777777777,276.6545454545454,0.0,0.0,0.0,0.0,E
353,276.0,338.0,211.0,192.0,415.0,407.0,315.0,173.0,215.0,311.0,203.0,273.0,288.0,269.0,326.0,261.0,319.0,434.0,307.6,319.22222222222223,275.7818181818182,0.0,0.0,0.0,0.0,E
296,246.0,334.0,192.0,192.0,234.0,203.0,76.0,173.0,176.0,219.0,238.0,234.0,234.0,315.0,307.75,264.0,332.5,390.75,312.2,329.66666666666663,274.90909090909093,0.0,0.0,0.0,0.0,E
223,365.0,192.0,296.0,242.0,311.0,342.0,296.0,176.0,203.0,311.0,396.0,369.0,346.0,315.0,289.5,267.0,346.0,347.5,316.8,340.1111111111111,274.03636363636366,0.0,0.0,0.0,0.0,E
361,307.0,415.0,376.0,307.0,265.0,307.0,153.0,253.0,303.0,388.0,311.0,307.0,338.0,315.0,271.25,270.0,359.5,304.25,321.4,350.55555555555554,273.1636363636364,0.0,0.0,0.0,0.0,E
365,365.0,188.0,296.0,215.0,338.0,353.0,311.0,446.0,311.0,346.0,307.0,303.0,184.0,315.0,253.0,273.0,373.0,261.0,326.0,361.0,272.2909090909091,0.0,0.0,0.0,0.0,E
273,265.0,334.0,403.0,311.0,265.0,392.0,269.0,261.0,161.0,257.0,284.0,353.0,273.0,295.5,214.5,282.5,292.0,307.0,399.5,356.4,271.41818181818184,0.0,0.0,0.0,0.0,E
288,303.0,303.0,338.0,403.0,211.0,323.0,357.0,311.0,346.0,184.0,269.0,323.0,257.0,276.0,176.0,292.0,211.0,353.0,473.0,351.8,270.54545454545456,0.0,0.0,0.0,0.0,E
415,488.0,369.0,334.0,307.0,357.0,207.0,207.0,257.0,203.0,211.0,226.0,134.0,107.0,286.0,237.75,333.25,255.25,329.0,430.6,347.2,269.6727272727273,0.0,0.0,0.0,0.0,E
26,92.0,419.0,369.0,223.0,196.0,353.0,265.0,111.0,111.0,126.0,288.0,338.0,334.0,296.0,299.5,374.5,299.5,305.0,388.2,342.6,268.8,0.0,0.0,0.0,0.0,E
357,419.0,465.0,438.0,357.0,288.0,323.0,292.0,196.0,211.0,238.0,292.0,313.0,351.5,301.5,361.25,415.75,343.75,281.0,345.8,338.0,267.92727272727274,0.0,0.0,0.0,0.0,E
273,288.0,292.0,338.0,442.0,396.0,411.0,457.0,484.0,426.0,419.0,411.0,288.0,369.0,307.0,423.0,457.0,388.0,257.0,303.4,333.4,267.05454545454546,0.0,0.0,0.0,0.0,E
223,284.0,238.0,157.0,126.0,242.0,284.0,369.0,369.0,276.0,303.0,303.0,357.0,203.0,284.0,215.0,226.0,288.0,292.0,261.0,328.8,266.1818181818182,0.0,0.0,0.0,0.0,E
242,238.0,211.0,246.0,288.0,323.0,465.0,392.0,396.0,346.0,238.0,292.0,273.0,261.0,323.0,319.0,446.0,473.0,465.0,260.27272727272725,324.2,265.3090909090909,0.0,0.0,0.0,0.0,E
203,219.0,234.0,246.0,307.0,257.0,346.0,238.0,273.0,161.0,103.0,111.0,173.0,188.0,238.0,303.0,253.0,334.5,359.0,259.54545454545456,319.6,264.43636363636364,0.0,0.0,0.0,0.0,E
261,384.0,353.0,315.0,176.0,238.0,223.0,238.0,211.0,142.0,288.0,253.0,242.0,296.0,226.0,292.0,223.0,196.0,253.0,258.8181818181818,315.0,263.56363636363636,0.0,0.0,0.0,0.0,E
326,211.0,292.0,415.0,473.0,465.0,396.0,353.0,361.0,376.0,365.0,353.0,188.0,388.0,384.0,257.5,243.0,177.33333333333334,251.125,258.09090909090907,310.4,262.6909090909091,0.0,0.0,0.0,0.0,E
373,276.0,261.0,311.0,261.0,288.0,296.0,173.0,146.0,238.0,73.0,234.0,284.0,296.0,215.0,223.0,263.0,158.66666666666666,249.25,257.3636363636364,305.8,261.8181818181818,0.0,0.0,0.0,0.0,E
323,319.0,246.0,65.0,219.0,403.0,357.0,426.0,415.0,357.0,182.5,311.0,305.0,257.5,261.0,242.0,283.0,140.0,247.375,256.6363636363636,301.2,260.94545454545454,0.0,0.0,0.0,0.0,E
303,334.0,226.0,357.0,211.0,176.0,334.0,407.0,342.0,269.0,292.0,388.0,326.0,219.0,307.0,261.0,303.0,121.33333333333333,245.5,255.9090909090909,296.6,260.07272727272726,0.0,0.0,0.0,0.0,E
292,265.0,226.0,242.0,276.0,357.0,265.0,292.0,365.0,388.0,288.0,215.0,276.0,188.0,215.0,226.0,299.5,102.66666666666666,243.625,255.1818181818182,292.0,259.2,0.0,0.0,0.0,0.0,E
342,188.0,269.0,346.0,326.0,303.0,257.0,392.0,326.0,238.0,246.0,103.0,157.0,246.0,226.0,315.0,296.0,84.0,241.75,254.45454545454547,287.4,258.3272727272727,0.0,0.0,0.0,0.0,E
361,357.0,307.0,276.0,261.0,369.0,473.0,334.0,215.0,311.0,326.0,219.0,173.0,253.0,226.0,276.5,265.0,147.5,239.875,253.72727272727272,282.8,257.45454545454544,0.0,0.0,0.0,0.0,E
276,315.0,261.0,457.0,276.0,396.0,373.0,373.0,265.0,288.0,396.0,342.0,323.0,253.0,288.0,238.0,234.0,211.0,238.0,253.0,278.2,256.58181818181816,0.0,0.0,0.0,0.0,E
261,446.0,392.0,457.0,276.0,269.0,242.0,473.0,484.0,484.0,388.0,276.0,319.0,188.0,289.3333333333333,244.75,237.0,198.5,218.75,247.0,273.6,255.70909090909092,0.0,0.0,0.0,0.0,E
319,292.0,223.0,315.0,323.0,376.0,388.0,365.0,446.0,434.0,438.0,384.0,365.0,246.0,290.6666666666667,251.5,240.0,186.0,199.5,241.0,269.0,254.83636363636364,0.0,0.0,0.0,0.0,E
246,269.0,334.0,342.0,326.0,334.0,234.0,192.0,273.0,334.0,273.0,342.0,269.0,219.0,292.0,258.25,243.0,173.5,180.25,235.0,264.4,253.96363636363637,0.0,0.0,0.0,0.0,E
265,292.0,292.0,292.0,326.0,273.0,376.0,411.0,288.0,342.0,438.0,492.0,473.0,361.0,346.0,265.0,246.0,161.0,161.0,229.0,259.8,253.0909090909091,0.0,0.0,0.0,0.0,E
273,376.0,338.0,334.0,242.0,292.0,265.0,361.0,215.0,234.0,223.0,373.0,373.0,361.0,369.0,315.0,257.5,197.0,215.0,223.0,255.2,252.21818181818182,0.0,0.0,0.0,0.0,E
311,419.0,353.0,307.0,315.0,288.0,265.0,246.0,323.0,261.0,326.0,334.0,315.0,253.0,392.0,365.0,269.0,233.0,269.0,217.0,250.60000000000002,251.34545454545454,0.0,0.0,0.0,0.0,E
269,303.0,253.0,242.0,311.0,188.0,223.0,319.0,338.0,319.0,392.0,246.0,361.0,361.0,315.0,311.0,257.0,269.0,323.0,211.0,246.0,250.47272727272727,0.0,0.0,0.0,0.0,E
307,296.0,142.0,246.0,265.0,319.0,334.0,388.0,361.0,353.0,461.0,376.0,261.0,315.0,311.0,373.0,319.0,319.0,284.0,224.5,231.7,249.6,0.0,0.0,0.0,0.0,E
238,353.0,261.0,303.0,373.0,311.0,265.0,273.0,384.0,323.0,384.0,273.0,419.0,315.0,234.0,403.0,384.0,396.0,246.0,238.0,217.4,248.72727272727272,0.0,0.0,0.0,0.0,E
253,311.0,273.0,273.0,288.0,369.0,303.0,261.0,292.0,461.0,496.0,315.0,338.0,284.0,203.0,219.0,153.0,138.0,184.5,180.5,203.1,247.85454545454547,0.0,0.0,0.0,0.0,E
169,257.0,334.0,246.0,226.0,261.0,276.0,361.0,346.0,276.0,407.0,296.0,338.0,273.0,203.0,134.0,203.0,146.0,123.0,123.0,188.8,246.9818181818182,0.0,0.0,0.0,0.0,E
288,415.0,292.0,453.0,388.0,376.0,303.0,303.0,253.0,342.0,265.0,303.0,453.0,342.0,373.0,342.0,119.0,134.0,134.0,128.0,174.5,246.10909090909092,0.0,0.0,0.0,0.0,E
165,176.0,119.0,42.0,223.0,311.0,396.0,473.0,492.0,407.0,338.0,438.0,307.0,269.0,303.5,301.5,192.0,213.0,186.66666666666666,133.0,160.2,245.23636363636365,0.0,0.0,0.0,0.0,E
261,403.0,323.0,219.0,334.0,188.0,338.0,423.0,296.0,323.0,176.0,238.0,323.0,369.0,234.0,261.0,265.0,292.0,239.33333333333331,138.0,145.89999999999998,244.36363636363637,0.0,0.0,0.0,0.0,E
411,334.0,326.0,292.0,415.0,296.0,426.0,203.0,446.0,338.0,376.0,223.0,346.0,142.0,346.0,184.0,192.0,142.0,292.0,143.0,131.6,243.4909090909091,0.0,0.0,0.0,0.0,E
223,246.0,373.0,192.0,265.0,238.0,211.0,361.0,284.0,353.0,203.0,257.0,184.0,326.0,176.0,323.0,219.0,172.5,332.5,148.0,117.29999999999998,242.61818181818182,0.0,0.0,0.0,0.0,E
238,361.0,207.0,323.0,203.0,365.0,303.0,215.0,403.0,376.0,373.0,246.0,353.0,273.0,361.0,319.0,373.0,203.0,373.0,153.0,103.0,241.74545454545455,0.0,0.0,0.0,0.0,E
184,257.0,303.0,315.0,215.0,388.0,307.0,342.0,296.0,284.0,326.0,442.0,369.0,434.0,261.0,365.0,273.0,211.0,226.0,319.0,106.30952380952381,240.87272727272727,0.0,0.0,0.0,0.0,E
238,238.0,415.0,369.0,369.0,365.0,453.0,265.0,361.0,234.0,342.0,276.0,407.0,307.0,388.0,242.0,192.0,142.0,234.0,317.390243902439,109.61904761904762,240.0,0.0,0.0,0.0,0.0,E
257,276.0,284.0,338.0,411.0,346.0,311.0,407.0,273.0,388.0,288.0,123.0,384.0,284.0,346.75,209.25,204.25,142.0,234.86363636363637,315.780487804878,112.92857142857143,239.12727272727273,0.0,0.0,0.0,0.0,E
269,373.0,361.0,315.0,434.0,423.0,292.0,396.0,357.0,419.0,415.0,226.0,361.0,261.0,305.5,176.5,216.5,142.0,235.72727272727272,314.1707317073171,116.23809523809524,238.25454545454545,0.0,0.0,0.0,0.0,E
434,453.0,476.0,465.0,473.0,392.0,373.0,436.0,382.0,380.5,355.5,247.5,338.0,238.0,264.25,143.75,228.75,142.0,236.5909090909091,312.5609756097561,119.54761904761905,237.38181818181818,0.0,0.0,0.0,0.0,E
319,346.0,269.0,338.0,426.0,442.0,442.0,476.0,407.0,342.0,296.0,269.0,315.0,215.0,223.0,111.0,241.0,142.0,237.45454545454547,310.9512195121951,122.85714285714286,236.5090909090909,0.0,0.0,0.0,0.0,E
273,207.0,188.0,292.0,373.0,346.0,234.0,315.0,261.0,473.0,315.0,273.0,246.0,303.5,307.5,178.5,253.25,142.0,238.3181818181818,309.3414634146341,126.16666666666666,235.63636363636363,0.0,0.0,0.0,0.0,E
273,319.0,269.0,334.0,342.0,319.0,169.0,176.0,119.0,296.0,353.0,396.0,369.0,392.0,392.0,246.0,265.5,142.0,239.1818181818182,307.7317073170732,129.47619047619048,234.76363636363635,0.0,0.0,0.0,0.0,E
315,365.0,373.0,438.0,311.0,288.0,142.0,315.0,207.0,203.0,274.5,280.5,371.0,392.0,292.0,287.25,277.75,142.0,240.04545454545453,306.1219512195122,132.78571428571428,233.89090909090908,0.0,0.0,0.0,0.0,E
84,38.0,11.0,115.0,73.0,15.0,34.0,38.0,242.0,188.0,196.0,165.0,373.0,392.0,192.0,328.5,290.0,142.0,240.9090909090909,304.5121951219512,136.0952380952381,233.01818181818183,0.0,0.0,0.0,0.0,E
111,265.0,161.0,265.0,246.0,138.0,134.0,242.0,296.0,211.0,173.0,294.0,338.0,369.0,222.5,369.75,302.25,142.0,241.77272727272728,302.9024390243902,139.4047619047619,232.14545454545456,0.0,0.0,0.0,0.0,E
53,215.0,415.0,326.0,342.0,376.0,426.0,192.0,307.0,384.0,492.0,423.0,303.0,346.0,253.0,411.0,314.5,142.0,242.63636363636363,301.2926829268293,142.71428571428572,231.27272727272728,0.0,0.0,0.0,0.0,E
311,326.0,196.0,392.0,265.0,303.0,238.0,223.0,123.0,323.0,303.0,461.0,317.0,332.0,240.0,392.6,326.75,142.0,243.5,299.6829268292683,146.02380952380952,230.4,0.0,0.0,0.0,0.0,E
488,182.0,124.5,226.5,320.5,334.0,328.5,257.5,152.75,296.0,278.0,432.25,331.0,318.0,227.0,374.2,339.0,142.0,244.36363636363637,298.0731707317073,149.33333333333331,229.52727272727273,0.0,0.0,0.0,0.0,E
288,38.0,53.0,61.0,376.0,365.0,419.0,292.0,182.5,269.0,253.0,403.5,345.0,304.0,214.0,355.8,351.25,142.0,245.22727272727272,296.4634146341463,152.64285714285714,228.65454545454546,0.0,0.0,0.0,0.0,E
292,338.0,209.0,211.0,411.0,349.5,326.5,265.0,212.25,242.0,228.0,374.75,359.0,290.0,201.0,337.4,363.5,142.0,246.0909090909091,294.8536585365854,155.95238095238096,227.78181818181818,0.0,0.0,0.0,0.0,E
376,438.0,365.0,361.0,446.0,334.0,234.0,238.0,242.0,215.0,203.0,346.0,373.0,276.0,188.0,319.0,375.75,142.0,246.95454545454547,293.2439024390244,159.26190476190476,226.9090909090909,0.0,0.0,0.0,0.0,E
284,342.0,338.0,257.0,211.0,146.0,476.0,384.0,411.0,457.0,342.0,265.0,319.0,303.0,257.0,369.0,388.0,142.0,247.8181818181818,291.6341463414634,162.57142857142856,226.03636363636363,0.0,0.0,0.0,0.0,E
323,388.0,253.0,334.0,303.0,211.0,226.0,188.0,53.0,92.0,107.0,203.0,276.0,211.0,253.33333333333334,315.0,327.6666666666667,142.0,248.6818181818182,290.0243902439024,165.88095238095238,225.16363636363636,0.0,0.0,0.0,0.0,E
338,338.0,438.0,469.0,438.0,426.0,276.0,257.0,284.0,242.0,273.0,161.0,257.0,211.0,249.66666666666666,261.0,267.3333333333333,142.0,249.54545454545453,288.4146341463415,169.1904761904762,224.2909090909091,0.0,0.0,0.0,0.0,E
303,257.0,296.0,246.0,315.0,288.0,369.0,223.0,338.0,257.0,361.0,315.0,311.0,211.0,246.0,207.0,207.0,142.0,250.4090909090909,286.8048780487805,172.5,223.41818181818184,0.0,0.0,0.0,0.0,E
292,357.0,326.0,346.0,384.0,288.0,242.0,134.0,215.0,234.0,346.0,342.0,234.0,165.0,261.0,257.0,274.5,238.0,251.27272727272728,285.1951219512195,175.8095238095238,222.54545454545456,0.0,0.0,0.0,0.0,E
211,192.0,342.0,269.0,319.0,438.0,384.0,438.0,434.0,357.0,219.0,296.0,234.0,173.0,276.0,307.0,342.0,334.0,252.13636363636363,283.5853658536585,179.11904761904762,221.6727272727273,0.0,0.0,0.0,0.0,E
234,234.0,261.0,319.0,288.0,415.0,326.0,415.0,288.0,323.0,334.0,311.0,253.0,238.0,307.0,334.0,307.0,342.0,253.0,281.9756097560976,182.42857142857142,220.8,0.0,0.0,0.0,0.0,E
215,311.0,292.0,311.0,246.0,315.0,396.0,276.0,265.0,242.0,211.0,173.0,226.0,238.0,126.0,219.0,303.0,303.0,411.0,280.3658536585366,185.73809523809524,219.92727272727274,0.0,0.0,0.0,0.0,E
346,273.0,334.0,303.0,276.0,284.0,373.0,334.0,265.0,246.0,319.0,346.0,319.0,211.0,307.0,338.0,157.0,287.6666666666667,402.4117647058824,278.7560975609756,189.04761904761904,219.05454545454546,0.0,0.0,0.0,0.0,E
303,315.0,246.0,342.0,288.0,315.0,234.0,373.0,453.0,261.0,357.0,357.0,346.0,353.0,446.0,411.0,311.0,272.3333333333333,393.8235294117647,277.1463414634146,192.35714285714283,218.1818181818182,0.0,0.0,0.0,0.0,E
234,457.0,365.0,338.0,357.0,353.0,442.0,384.0,203.0,338.0,176.0,219.0,257.0,142.0,311.0,203.0,219.0,257.0,385.2352941176471,275.5365853658536,195.66666666666666,217.3090909090909,0.0,0.0,0.0,0.0,E
315,307.0,242.0,269.0,292.0,307.0,346.0,353.0,319.0,426.0,319.0,353.0,296.0,153.0,161.0,165.0,215.0,207.0,376.6470588235294,273.9268292682927,198.97619047619048,216.43636363636364,0.0,0.0,0.0,0.0,E
342,311.0,346.0,307.0,315.0,257.0,484.0,353.0,403.0,301.0,247.5,282.0,267.0,172.5,126.5,205.5,267.6666666666667,189.75,368.05882352941177,272.3170731707317,202.28571428571428,215.56363636363636,0.0,0.0,0.0,0.0,E
392,342.0,242.0,369.0,238.0,273.0,253.0,169.0,246.0,176.0,176.0,211.0,238.0,192.0,92.0,246.0,320.3333333333333,172.5,359.47058823529414,270.7073170731707,205.59523809523807,214.6909090909091,0.0,0.0,0.0,0.0,E
326,426.0,265.0,315.0,434.0,296.0,296.0,265.0,292.0,273.0,265.0,457.0,484.0,473.0,438.0,311.0,373.0,155.25,350.88235294117646,269.0975609756098,208.9047619047619,213.8181818181818,0.0,0.0,0.0,0.0,E
203,273.0,296.0,407.0,392.0,273.0,334.0,273.0,353.0,357.0,476.0,303.0,373.0,369.0,288.0,215.0,142.0,138.0,342.29411764705884,267.4878048780488,212.21428571428572,212.94545454545454,0.0,0.0,0.0,0.0,E
223,234.0,207.0,276.0,203.0,257.0,315.0,323.0,382.0,316.5,368.5,261.0,338.0,357.5,330.5,194.0,174.5,132.0,333.70588235294116,265.8780487804878,215.52380952380952,212.07272727272726,0.0,0.0,0.0,0.0,E
407,342.0,438.0,357.0,346.0,246.0,223.0,342.0,411.0,276.0,261.0,219.0,303.0,346.0,373.0,173.0,207.0,126.0,325.11764705882354,264.2682926829268,218.83333333333331,211.2,0.0,0.0,0.0,0.0,E
161,292.0,253.0,442.0,307.0,307.0,357.0,246.0,169.0,3.0,235.0,204.5,316.5,348.75,352.75,186.25,203.25,132.75,316.52941176470586,262.6585365853658,222.14285714285714,210.3272727272727,0.0,0.0,0.0,0.0,E
161,388.0,446.0,88.0,311.0,332.0,315.0,344.0,322.5,50.666666666666664,209.0,190.0,330.0,351.5,332.5,199.5,199.5,139.5,307.94117647058823,261.0487804878049,225.45238095238096,209.45454545454544,0.0,0.0,0.0,0.0,E
184,169.0,203.0,284.0,315.0,357.0,273.0,442.0,476.0,98.33333333333333,183.0,175.5,343.5,354.25,312.25,212.75,195.75,146.25,299.3529411764706,259.4390243902439,228.76190476190476,208.5818181818182,0.0,0.0,0.0,0.0,E
323,407.0,303.0,319.0,319.0,373.0,346.0,315.0,161.0,146.0,157.0,161.0,357.0,357.0,292.0,226.0,192.0,153.0,290.7647058823529,257.8292682926829,232.07142857142856,207.70909090909092,0.0,0.0,0.0,0.0,E
269,276.0,346.0,342.0,369.0,423.0,473.0,407.0,457.0,373.0,265.0,303.0,219.0,234.0,73.0,157.0,126.0,188.0,282.1764705882353,256.219512195122,235.38095238095238,206.83636363636364,0.0,0.0,0.0,0.0,E
276,334.0,334.0,469.0,284.0,384.0,307.0,261.0,261.0,315.0,419.0,461.0,342.0,242.0,138.0,88.0,173.0,197.5,273.5882352941177,254.609756097561,238.69047619047618,205.96363636363637,0.0,0.0,0.0,0.0,E
269,203.0,311.0,346.0,353.0,361.0,334.0,396.0,288.0,203.0,176.0,157.0,365.0,376.0,242.0,334.0,138.0,207.0,265.0,253.0,242.0,205.0909090909091,0.0,0.0,0.0,0.0,E
342,353.0,357.0,419.0,207.0,161.0,161.0,307.0,307.0,492.0,376.0,446.0,446.0,361.0,334.0,184.0,153.0,235.0,262.0,259.3636363636364,234.26666666666668,204.21818181818182,0.0,0.0,0.0,0.0,E
192,142.0,115.0,234.0,357.0,411.0,373.0,284.0,173.0,219.0,368.5,280.5,379.3333333333333,363.6666666666667,330.3333333333333,245.66666666666666,223.66666666666669,263.0,259.0,265.72727272727275,226.53333333333333,203.34545454545454,0.0,0.0,0.0,0.0,E
211,311.0,373.0,346.0,223.0,265.0,157.0,226.0,469.0,342.0,361.0,115.0,312.66666666666663,366.3333333333333,326.6666666666667,307.3333333333333,294.33333333333337,291.0,256.0,272.09090909090907,218.8,202.4727272727273,0.0,0.0,0.0,0.0,E
303,415.0,334.0,323.0,276.0,334.0,323.0,384.0,303.0,311.0,292.0,273.0,246.0,369.0,323.0,369.0,365.0,319.0,253.0,278.45454545454544,211.06666666666666,201.60000000000002,0.0,0.0,0.0,0.0,E
353,323.0,269.0,196.0,303.0,269.0,365.0,319.0,323.0,246.0,326.0,288.0,284.0,284.0,411.0,223.0,265.0,275.75,253.0,284.8181818181818,203.33333333333334,200.72727272727275,0.0,0.0,0.0,0.0,E
326,357.0,376.0,373.0,442.0,453.0,388.0,403.0,334.0,269.0,257.0,284.0,411.0,238.0,261.0,215.0,223.0,232.5,253.0,291.1818181818182,195.6,199.85454545454547,0.0,0.0,0.0,0.0,E
261,469.0,373.0,296.0,338.0,323.0,211.0,315.0,226.0,146.0,303.0,338.0,319.0,307.0,307.0,236.0,224.5,189.25,253.0,297.54545454545456,187.86666666666667,198.9818181818182,0.0,0.0,0.0,0.0,E
296,226.0,315.0,423.0,342.0,346.0,273.0,288.0,242.0,284.0,296.0,203.0,265.0,219.0,242.0,257.0,226.0,146.0,253.0,303.9090909090909,180.13333333333333,198.10909090909092,0.0,0.0,0.0,0.0,E
415,376.0,346.0,373.0,415.0,461.0,403.0,288.0,284.0,353.0,442.0,461.0,315.0,255.5,244.0,205.0,243.5,174.5,253.0,310.27272727272725,172.4,197.23636363636365,0.0,0.0,0.0,0.0,E
288,384.0,323.0,273.0,334.0,365.0,269.0,242.0,253.0,319.0,276.0,307.0,419.0,292.0,246.0,153.0,261.0,203.0,253.0,316.6363636363636,164.66666666666669,196.36363636363637,0.0,0.0,0.0,0.0,E
253,284.0,353.0,219.0,226.0,203.0,165.0,173.0,215.0,157.0,226.0,292.0,376.0,384.0,338.0,265.0,176.0,192.0,253.0,323.0,156.93333333333334,195.4909090909091,0.0,0.0,0.0,0.0,E
157,46.0,269.0,373.0,273.0,376.0,315.0,323.0,196.0,238.0,284.0,407.0,334.0,165.0,111.0,271.3333333333333,208.33333333333334,216.33333333333334,257.0,294.6666666666667,149.2,194.61818181818182,0.0,0.0,0.0,0.0,E
226,153.5,251.5,280.5,248.0,299.5,295.5,290.0,280.5,251.5,203.5,295.5,299.5,205.5,192.0,277.6666666666667,240.66666666666669,240.66666666666666,261.0,266.3333333333333,141.46666666666667,193.74545454545455,0.0,0.0,0.0,0.0,E
419,261.0,234.0,188.0,223.0,223.0,276.0,257.0,365.0,265.0,123.0,184.0,265.0,246.0,273.0,284.0,273.0,265.0,265.0,238.0,133.73333333333335,192.87272727272727,0.0,0.0,0.0,0.0,E
315,288.0,411.0,323.0,284.0,292.0,453.0,388.0,211.0,242.0,238.0,226.0,203.0,192.0,238.0,265.0,296.0,353.0,311.0,303.0,126.0,192.0,0.0,0.0,0.0,0.0,E
353,426.0,457.0,253.0,326.0,353.0,338.0,311.0,342.0,303.0,142.0,142.0,207.0,315.0,292.0,292.0,334.0,426.0,246.0,423.0,160.7,192.77083333333334,0.0,0.0,0.0,0.0,E
307,253.0,184.0,292.0,453.0,338.0,292.0,426.0,388.0,492.0,369.0,492.0,338.0,138.0,257.5,280.3333333333333,295.6666666666667,370.25,240.44444444444446,420.77777777777777,195.4,193.54166666666666,0.0,0.0,0.0,0.0,E
188,38.0,61.0,126.0,246.0,265.0,296.0,284.0,419.0,292.0,396.0,426.0,492.0,315.0,223.0,268.6666666666667,257.3333333333333,314.5,234.88888888888889,418.55555555555554,230.10000000000002,194.3125,0.0,0.0,0.0,0.0,E
253,246.0,338.0,207.0,276.0,207.0,296.0,326.0,184.0,288.0,169.0,303.0,396.0,415.0,246.0,257.0,219.0,258.75,229.33333333333334,416.3333333333333,264.8,195.08333333333334,0.0,0.0,0.0,0.0,E
219,207.0,261.0,438.0,446.0,373.0,165.0,315.0,173.0,219.0,311.0,173.0,253.0,396.0,492.0,407.0,296.0,203.0,223.77777777777777,414.1111111111111,299.5,195.85416666666666,0.0,0.0,0.0,0.0,E
184,215.0,373.0,296.0,269.0,246.0,288.0,269.0,242.0,242.0,438.0,311.0,257.0,311.0,284.0,223.0,215.0,215.0,218.22222222222223,411.8888888888889,334.20000000000005,196.625,0.0,0.0,0.0,0.0,E
211,307.0,353.0,384.0,315.0,365.0,242.0,242.0,234.0,107.0,242.0,342.0,403.0,419.0,284.0,184.0,184.25,188.0,212.66666666666669,409.6666666666667,368.90000000000003,197.39583333333334,0.0,0.0,0.0,0.0,E
373,392.0,423.0,492.0,396.0,411.0,311.0,365.0,319.0,388.0,263.0,257.5,207.0,232.5,184.0,174.5,153.5,161.0,207.11111111111111,407.44444444444446,403.6,198.16666666666666,0.0,0.0,0.0,0.0,E
357,388.0,453.0,346.0,392.0,476.0,465.0,346.0,442.0,326.0,284.0,173.0,11.0,46.0,84.0,165.0,122.75,134.0,201.55555555555554,405.22222222222223,438.3,198.9375,0.0,0.0,0.0,0.0,E
396,276.0,396.0,342.0,396.0,388.0,311.0,365.0,434.0,334.0,211.0,138.0,61.0,123.0,15.0,38.0,92.0,107.0,196.0,403.0,473.0,199.70833333333334,0.0,0.0,0.0,0.0,E
446,376.0,365.0,361.0,373.0,376.0,365.0,292.0,184.0,119.0,234.0,369.0,338.0,365.0,146.0,123.0,128.5,140.75,208.2,359.2,465.9655172413793,200.47916666666666,0.0,0.0,0.0,0.0,E
488,403.0,403.0,403.0,369.0,357.0,203.0,88.0,169.0,188.0,223.0,226.0,192.0,269.0,284.0,273.0,165.0,174.5,220.4,315.4,458.9310344827586,201.25,0.0,0.0,0.0,0.0,E
173,111.0,57.0,165.0,157.0,169.0,184.0,96.0,126.0,196.0,211.0,226.0,296.0,403.0,388.0,228.5,201.5,208.25,232.6,271.6,451.8965517241379,202.02083333333334,0.0,0.0,0.0,0.0,E
253,269.0,261.0,215.0,284.0,365.0,361.0,273.0,207.0,269.0,276.0,261.0,276.0,173.0,103.0,184.0,238.0,242.0,244.8,227.8,444.86206896551727,202.79166666666666,0.0,0.0,0.0,0.0,E
203,315.0,303.0,203.0,153.0,288.0,276.0,211.0,226.0,365.0,315.0,419.0,376.0,296.0,284.0,334.0,284.0,246.0,257.0,184.0,437.82758620689657,203.5625,0.0,0.0,0.0,0.0,E
223,223.0,203.0,219.0,273.0,273.0,334.0,253.0,284.0,288.0,369.0,276.0,211.0,161.0,196.0,211.0,219.0,146.0,223.0,257.0,430.7931034482759,204.33333333333334,0.0,0.0,0.0,0.0,E
346,338.0,326.0,211.0,269.0,396.0,292.0,369.0,307.0,342.0,296.0,261.0,242.0,234.0,184.5,161.0,232.5,186.0,213.0,253.71428571428572,423.7586206896552,205.10416666666666,0.0,0.0,0.0,0.0,E
196,223.0,342.0,365.0,353.0,396.0,257.0,407.0,315.0,376.0,288.0,326.0,261.0,315.0,173.0,111.0,246.0,226.0,203.0,250.42857142857142,416.7241379310345,205.875,0.0,0.0,0.0,0.0,E
284,334.0,334.0,323.0,373.0,276.0,315.0,334.0,234.0,223.0,153.0,292.0,296.0,253.0,319.0,353.0,261.0,241.5,247.5,247.14285714285714,409.6896551724138,206.64583333333334,0.0,0.0,0.0,0.0,E
415,342.0,423.0,319.0,284.0,307.0,326.0,323.0,269.0,246.0,146.0,265.0,203.0,253.0,273.0,292.0,226.0,257.0,292.0,243.85714285714286,402.65517241379314,207.41666666666666,0.0,0.0,0.0,0.0,E
196,238.0,307.0,265.0,361.0,369.0,296.0,257.0,203.0,153.0,126.0,178.5,147.5,172.5,287.0,295.6666666666667,211.75,246.5,259.25,240.57142857142858,395.62068965517244,208.1875,0.0,0.0,0.0,0.0,E
365,373.0,446.0,319.0,261.0,261.0,192.0,57.0,42.0,192.0,192.0,92.0,92.0,92.0,301.0,299.3333333333333,197.5,236.0,226.5,237.28571428571428,388.58620689655174,208.95833333333334,0.0,0.0,0.0,0.0,E
234,442.0,496.0,423.0,415.0,284.0,373.0,315.0,388.0,253.0,253.0,242.0,284.0,292.0,315.0,303.0,183.25,225.5,193.75,234.0,381.55172413793105,209.72916666666666,0.0,0.0,0.0,0.0,E
288,376.0,373.0,334.0,303.0,342.0,403.0,457.0,353.0,319.0,307.0,173.0,346.0,265.0,307.0,261.0,169.0,215.0,161.0,230.71428571428572,374.51724137931035,210.5,0.0,0.0,0.0,0.0,E
384,373.0,434.0,396.0,373.0,269.0,238.0,265.0,257.0,246.0,219.0,273.0,484.0,342.0,308.6,247.2,180.4,225.16666666666666,166.83333333333334,227.42857142857144,367.48275862068965,211.27083333333334,0.0,0.0,0.0,0.0,E
253,169.0,146.0,123.0,42.0,23.0,11.0,161.0,426.0,423.0,292.0,142.0,468.75,375.5,310.2,233.4,191.8,235.33333333333334,172.66666666666666,224.14285714285714,360.44827586206895,212.04166666666666,0.0,0.0,0.0,0.0,E
469,446.0,476.0,396.0,369.0,411.0,388.0,376.0,438.0,476.0,284.0,240.66666666666669,453.5,409.0,311.8,219.6,203.2,245.5,178.5,220.85714285714286,353.41379310344826,212.8125,0.0,0.0,0.0,0.0,E
207,484.0,453.0,334.0,388.0,396.0,307.0,261.0,261.0,303.0,276.0,339.33333333333337,438.25,442.5,313.4,205.8,214.6,255.66666666666666,184.33333333333334,217.57142857142856,346.37931034482756,213.58333333333334,0.0,0.0,0.0,0.0,E
203,488.0,492.0,392.0,376.0,403.0,388.0,469.0,411.0,307.0,403.0,438.0,423.0,476.0,315.0,192.0,226.0,265.8333333333333,190.16666666666666,214.28571428571428,339.34482758620686,214.35416666666666,0.0,0.0,0.0,0.0,E
219,273.0,407.0,461.0,415.0,457.0,376.0,384.0,403.0,288.0,184.0,192.0,196.0,311.0,196.0,203.0,311.0,276.0,196.0,211.0,332.3103448275862,215.125,0.0,0.0,0.0,0.0,E
273,223.0,373.0,319.0,365.0,315.0,261.0,303.0,361.0,373.0,319.0,234.0,153.0,138.0,73.0,92.0,103.0,257.0,190.25,211.88888888888889,325.2758620689655,215.89583333333334,0.0,0.0,0.0,0.0,E
326,319.0,107.0,3.0,165.0,423.0,415.0,376.0,276.0,84.0,305.5,209.0,186.0,165.0,163.0,167.0,197.5,238.0,184.5,212.77777777777777,318.2413793103448,216.66666666666666,0.0,0.0,0.0,0.0,E
261,338.0,311.0,346.0,353.0,353.0,357.0,411.0,323.0,169.0,292.0,184.0,219.0,192.0,253.0,242.0,292.0,219.0,178.75,213.66666666666666,311.2068965517241,217.4375,0.0,0.0,0.0,0.0,E
253,292.0,257.0,242.0,238.0,238.0,288.0,442.0,423.0,288.0,261.0,276.0,138.0,211.0,246.0,342.0,303.0,292.0,173.0,214.55555555555554,304.1724137931035,218.20833333333334,0.0,0.0,0.0,0.0,E
203,311.0,303.0,353.0,342.0,296.0,338.0,357.0,357.0,319.0,392.0,407.0,311.0,153.0,215.0,269.0,257.0,253.0,153.0,215.44444444444446,297.1379310344828,218.97916666666666,0.0,0.0,0.0,0.0,E
261,384.0,342.0,426.0,323.0,465.0,269.0,269.0,357.0,403.0,253.0,369.0,376.0,338.0,292.0,346.0,215.0,234.0,223.0,216.33333333333334,290.1034482758621,219.75,0.0,0.0,0.0,0.0,E
292,219.0,273.0,238.0,265.0,215.0,273.0,326.0,307.0,246.0,296.0,273.0,253.0,292.0,338.0,315.0,213.0,209.66666666666666,210.0,217.22222222222223,283.0689655172414,220.52083333333334,0.0,0.0,0.0,0.0,E
319,346.0,353.0,265.0,273.0,323.0,234.0,276.0,273.0,284.0,292.0,253.0,253.0,273.0,273.0,284.0,211.0,185.33333333333334,197.0,218.11111111111111,276.0344827586207,221.29166666666666,0.0,0.0,0.0,0.0,E
261,242.0,365.0,365.0,392.0,292.0,303.0,338.0,315.0,276.0,246.0,265.0,326.0,261.0,323.0,319.0,273.0,161.0,184.0,219.0,269.0,222.0625,0.0,0.0,0.0,0.0,E
361,442.0,296.0,338.0,253.0,319.0,292.0,315.0,211.0,246.0,261.0,188.0,238.0,203.5,284.5,251.5,290.0,247.5,178.6,229.83333333333334,274.42857142857144,222.83333333333334,0.0,0.0,0.0,0.0,E
323,319.0,219.0,357.0,265.0,292.0,296.0,338.0,234.0,196.0,223.0,269.0,253.0,146.0,246.0,184.0,307.0,334.0,173.2,240.66666666666666,279.85714285714283,223.60416666666666,0.0,0.0,0.0,0.0,E
303,296.0,357.0,361.0,307.0,242.0,269.0,303.0,334.0,353.0,288.0,261.0,326.0,334.0,269.0,296.0,203.0,265.0,167.8,251.5,285.2857142857143,224.375,0.0,0.0,0.0,0.0,E
284,211.0,207.0,211.0,146.0,73.0,115.0,284.0,438.0,484.0,446.0,273.0,226.0,234.0,273.0,211.0,264.5,224.5,162.4,262.3333333333333,290.7142857142857,225.14583333333334,0.0,0.0,0.0,0.0,E
203,269.0,288.0,288.0,169.0,223.0,257.0,292.0,173.0,253.0,257.0,192.0,207.0,246.0,257.0,238.0,326.0,184.0,157.0,273.1666666666667,296.14285714285717,225.91666666666669,0.0,0.0,0.0,0.0,E
311,215.0,165.0,269.0,311.0,253.0,326.0,353.0,396.0,423.0,376.0,242.0,142.0,234.0,273.0,319.0,165.0,169.0,257.0,284.0,301.57142857142856,226.6875,0.0,0.0,0.0,0.0,E
234,261.0,261.0,223.0,196.0,215.0,315.0,423.0,246.0,276.0,223.0,276.0,276.0,361.0,242.0,365.0,188.0,265.0,253.0,211.0,307.0,227.45833333333334,0.0,0.0,0.0,0.0,E
396,403.0,338.0,307.0,307.0,461.0,376.0,403.0,296.0,196.0,353.0,188.0,246.0,340.0,247.5,317.0,174.5,220.5,236.0,215.6,314.7142857142857,228.22916666666669,0.0,0.0,0.0,0.0,E
207,211.0,234.0,176.0,234.0,226.0,273.0,292.0,342.0,438.0,496.0,484.0,319.0,319.0,253.0,269.0,161.0,176.0,219.0,220.2,322.42857142857144,229.0,0.0,0.0,0.0,0.0,E
219,226.0,161.0,257.0,276.0,303.0,203.0,284.0,269.0,173.0,269.0,238.0,253.0,253.0,192.0,284.0,292.0,161.0,271.0,224.8,330.14285714285717,229.77083333333334,0.0,0.0,0.0,0.0,E
265,238.0,323.0,323.0,238.0,265.0,338.0,284.0,215.0,296.0,203.0,184.0,192.0,257.0,207.0,196.0,223.0,146.0,323.0,229.4,337.85714285714283,230.54166666666669,0.0,0.0,0.0,0.0,E
176,353.0,257.0,326.0,307.0,265.0,246.0,342.0,292.0,165.0,219.0,173.0,211.0,226.0,242.0,246.0,153.0,253.0,115.0,234.0,345.57142857142856,231.3125,0.0,0.0,0.0,0.0,E
211,346.0,234.0,207.0,315.0,226.0,161.0,319.0,192.0,173.0,203.0,407.0,434.0,419.0,209.0,196.0,195.5,245.5,174.5,226.5,353.2857142857143,232.08333333333334,0.0,0.0,0.0,0.0,E
307,342.0,242.0,284.0,215.0,292.0,292.0,296.0,176.0,261.0,315.0,246.0,188.0,134.0,176.0,146.0,238.0,238.0,234.0,219.0,361.0,232.85416666666669,0.0,0.0,0.0,0.0,E
373,284.0,326.0,288.0,265.0,334.0,265.0,373.0,403.0,311.0,207.0,142.0,65.0,192.0,153.0,207.0,438.0,365.0,361.0,207.5,337.875,233.625,0.0,0.0,0.0,0.0,E
192,334.0,303.0,403.0,315.0,323.0,303.0,334.0,269.0,257.0,273.0,196.0,207.0,184.0,226.0,207.0,253.0,284.0,296.0,196.0,314.75,234.39583333333334,0.0,0.0,0.0,0.0,E
303,307.0,338.0,253.0,265.0,292.0,242.0,207.0,311.0,311.0,226.0,307.0,307.0,261.0,282.6666666666667,244.33333333333334,246.66666666666666,264.6666666666667,287.0,193.0,291.625,235.16666666666669,0.0,0.0,0.0,0.0,E
303,296.0,134.0,188.0,465.0,411.0,234.0,190.0,282.0,242.0,261.0,301.5,282.0,243.5,339.3333333333333,281.6666666666667,240.33333333333334,245.33333333333334,278.0,190.0,268.5,235.9375,0.0,0.0,0.0,0.0,E
376,315.0,265.0,92.0,203.0,226.0,226.0,173.0,253.0,173.0,296.0,296.0,257.0,226.0,396.0,319.0,234.0,226.0,269.0,187.0,245.375,236.70833333333334,0.0,0.0,0.0,0.0,E
346,253.0,242.0,253.0,261.0,288.0,338.0,188.0,476.0,338.0,242.0,238.0,184.0,192.0,188.0,226.0,261.0,288.0,292.0,184.0,222.25,237.47916666666669,0.0,0.0,0.0,0.0,E
215,153.0,284.0,392.0,284.0,184.0,276.0,96.0,219.0,246.0,407.0,261.0,234.0,142.0,319.0,242.0,376.0,296.0,232.5,226.5,199.125,238.25,0.0,0.0,0.0,0.0,E
357,353.0,419.0,338.0,346.0,273.0,276.0,157.0,265.0,246.0,261.0,76.0,111.0,142.0,211.0,115.0,257.0,134.0,173.0,269.0,176.0,239.02083333333334,0.0,0.0,0.0,0.0,E
407,488.0,315.0,276.0,119.0,161.0,196.0,153.0,126.0,173.0,169.0,311.0,246.0,315.0,217.0,136.0,257.0,145.5,213.0,221.0,157.0,239.79166666666669,0.0,0.0,0.0,0.0,E
296,376.0,211.0,234.0,238.0,353.0,288.0,376.0,323.0,388.0,384.0,453.0,342.0,234.0,223.0,157.0,257.0,157.0,253.0,173.0,138.0,240.5625,0.0,0.0,0.0,0.0,E
226,253.0,384.0,273.0,334.0,392.0,257.0,261.0,338.0,188.0,273.0,246.0,257.0,184.0,238.0,126.0,255.0,197.5,236.0,198.0,228.5,241.33333333333334,0.0,0.0,0.0,0.0,E
184,434.0,196.0,384.0,346.0,396.0,276.0,384.0,292.0,153.0,211.0,188.0,292.0,219.0,246.0,126.0,253.0,238.0,219.0,223.0,319.0,242.10416666666669,0.0,0.0,0.0,0.0,E
388,238.0,319.0,296.0,376.0,376.0,373.0,315.0,303.0,211.0,415.0,423.0,251.5,190.0,271.0,189.5,320.5,297.5,276.5,244.0,318.5897435897436,242.875,0.0,0.0,0.0,0.0,E
315,415.0,342.0,353.0,288.0,338.0,303.0,265.0,346.0,219.0,126.0,111.0,211.0,161.0,296.0,253.0,388.0,357.0,334.0,265.0,318.1794871794872,243.64583333333334,0.0,0.0,0.0,0.0,E
273,134.0,223.0,234.0,253.0,111.0,342.0,334.0,188.0,303.0,161.0,215.0,103.0,253.0,384.0,488.0,419.0,461.0,407.0,277.1666666666667,317.7692307692308,244.41666666666669,0.0,0.0,0.0,0.0,E
415,246.0,361.0,261.0,353.0,153.0,142.0,123.0,176.0,234.0,223.0,257.0,242.0,334.0,188.0,265.0,238.0,403.5,414.8,289.3333333333333,317.35897435897436,245.1875,0.0,0.0,0.0,0.0,E
326,288.0,326.0,373.0,276.0,357.0,319.0,346.0,253.0,253.0,161.0,153.0,261.0,157.0,265.0,176.0,307.0,346.0,422.6,301.5,316.94871794871796,245.95833333333334,0.0,0.0,0.0,0.0,E
261,346.0,211.0,334.0,196.0,361.0,219.0,215.0,142.0,307.0,242.0,365.0,265.0,334.0,207.0,288.0,353.0,303.5,430.4,313.6666666666667,316.53846153846155,246.72916666666669,0.0,0.0,0.0,0.0,E
311,257.0,373.0,284.0,326.0,234.0,288.0,126.0,323.0,134.0,242.0,215.0,42.0,84.0,219.0,184.0,253.0,261.0,438.2,325.8333333333333,316.12820512820514,247.5,0.0,0.0,0.0,0.0,E
357,373.0,446.0,338.0,296.0,188.0,196.0,273.0,273.0,257.0,334.0,323.0,365.0,376.0,296.0,411.0,288.0,357.0,446.0,338.0,315.71794871794873,248.27083333333334,0.0,0.0,0.0,0.0,E
326,211.0,269.0,284.0,276.0,261.0,238.0,284.0,276.0,215.0,169.0,84.0,192.0,238.0,184.0,253.0,349.5,338.0,334.3333333333333,337.32142857142856,315.3076923076923,249.04166666666669,0.0,0.0,0.0,0.0,E
223,319.0,261.0,292.0,296.0,261.0,223.0,96.0,134.0,88.0,215.0,284.0,253.0,288.0,311.0,388.0,411.0,319.0,222.66666666666666,336.64285714285717,314.8974358974359,249.8125,0.0,0.0,0.0,0.0,E
326,303.0,311.0,384.0,288.0,357.0,253.0,315.0,353.0,265.0,203.0,284.0,215.0,153.0,169.0,157.0,103.0,84.0,111.0,335.9642857142857,314.4871794871795,250.58333333333334,0.0,0.0,0.0,0.0,E
396,353.0,407.0,373.0,365.0,392.0,415.0,396.0,284.0,261.0,176.0,276.0,211.0,334.0,292.0,253.0,276.0,319.0,357.0,335.2857142857143,314.0769230769231,251.35416666666669,0.0,0.0,0.0,0.0,E
342,276.0,284.0,407.0,342.0,373.0,284.0,242.0,157.0,242.0,238.0,307.0,276.0,292.0,303.0,303.0,357.0,357.0,473.0,334.60714285714283,313.6666666666667,252.125,0.0,0.0,0.0,0.0,E
219,192.0,207.0,226.0,269.0,242.0,246.0,288.0,296.0,384.0,365.0,392.0,284.0,261.0,246.0,211.0,223.0,336.0,436.7142857142857,333.92857142857144,313.2564102564103,252.89583333333334,0.0,0.0,0.0,0.0,E
284,365.0,311.0,396.0,388.0,357.0,265.0,315.0,303.0,346.0,276.0,196.0,188.0,311.0,246.0,234.0,261.0,315.0,400.42857142857144,333.25,312.84615384615387,253.66666666666669,0.0,0.0,0.0,0.0,E
376,276.0,265.0,273.0,307.0,296.0,334.0,223.0,353.0,253.0,157.0,211.0,365.0,265.0,288.0,261.0,384.0,290.4,364.1428571428571,332.57142857142856,312.43589743589746,254.4375,0.0,0.0,0.0,0.0,E
303,153.0,211.0,205.5,265.0,219.0,301.5,259.5,278.0,161.0,190.0,224.5,309.0,245.5,226.5,239.75,371.5,265.8,327.8571428571429,331.89285714285717,312.02564102564105,255.20833333333334,0.0,0.0,0.0,0.0,E
388,253.0,292.0,138.0,223.0,142.0,269.0,296.0,203.0,69.0,223.0,238.0,253.0,226.0,165.0,218.5,359.0,241.2,291.57142857142856,331.2142857142857,311.61538461538464,255.97916666666669,0.0,0.0,0.0,0.0,E
288,188.0,369.0,192.0,326.0,334.0,269.0,342.0,146.0,153.0,242.0,353.0,273.0,289.5,217.0,197.25,346.5,216.6,255.28571428571428,330.5357142857143,311.20512820512823,256.75,0.0,0.0,0.0,0.0,E
246,226.0,311.0,269.0,211.0,257.0,234.0,338.0,292.0,376.0,192.0,292.0,334.0,353.0,269.0,176.0,334.0,192.0,219.0,329.85714285714283,310.7948717948718,257.52083333333337,0.0,0.0,0.0,0.0,E
188,307.0,126.0,73.0,65.0,215.0,292.0,438.0,261.0,276.0,88.0,142.0,246.0,442.0,221.0,157.0,331.3333333333333,219.0,228.0,329.17857142857144,310.38461538461536,258.2916666666667,0.0,0.0,0.0,0.0,E
465,365.0,284.0,196.0,69.0,238.0,211.0,96.0,138.0,173.0,261.0,176.0,184.0,307.0,173.0,138.0,328.6666666666667,246.0,237.0,328.5,309.97435897435895,259.0625,0.0,0.0,0.0,0.0,E
219,207.0,296.0,392.0,257.0,257.0,315.0,338.0,323.0,296.0,253.0,288.0,161.0,196.0,223.0,346.0,326.0,273.0,246.0,327.82142857142856,309.56410256410254,259.83333333333337,0.0,0.0,0.0,0.0,E
388,234.0,192.0,165.0,261.0,284.0,384.0,257.0,226.0,376.0,353.0,361.0,369.0,261.0,338.0,346.0,269.0,257.0,284.5,327.14285714285717,309.15384615384613,260.6041666666667,0.0,0.0,0.0,0.0,E
238,292.0,311.0,207.0,261.0,215.0,203.0,257.0,326.0,292.0,315.0,219.0,315.0,273.0,288.0,284.0,211.0,238.0,323.0,326.4642857142857,308.7435897435897,261.375,0.0,0.0,0.0,0.0,E
261,261.0,234.0,184.0,307.0,292.0,311.0,407.0,326.0,323.0,284.0,188.0,257.0,273.0,338.0,426.0,307.0,315.0,257.0,325.7857142857143,308.3333333333333,262.14583333333337,0.0,0.0,0.0,0.0,E
334,284.0,307.0,403.0,384.0,384.0,307.0,265.0,315.0,307.0,292.0,184.0,223.0,334.0,288.0,323.0,334.0,196.0,311.0,325.10714285714283,307.9230769230769,262.9166666666667,0.0,0.0,0.0,0.0,E
257,342.0,357.0,357.0,269.0,296.0,303.0,338.0,315.0,253.0,203.0,326.0,246.0,276.0,288.0,346.0,326.0,225.33333333333334,318.0,324.42857142857144,307.5128205128205,263.6875,0.0,0.0,0.0,0.0,E
326,361.0,334.0,326.0,261.0,207.0,276.0,288.0,234.0,207.0,288.0,261.0,323.0,353.0,253.0,269.0,330.0,254.66666666666666,325.0,323.75,307.1025641025641,264.45833333333337,0.0,0.0,0.0,0.0,E
465,423.0,315.0,219.0,357.0,311.0,292.0,265.0,288.0,338.0,311.0,284.0,265.0,265.0,376.0,265.0,334.0,284.0,332.0,323.07142857142856,306.6923076923077,265.2291666666667,0.0,0.0,0.0,0.0,E
357,411.0,373.0,292.0,311.0,234.0,265.0,307.0,176.0,365.0,226.0,234.0,238.0,253.0,338.0,311.0,223.0,315.0,339.0,322.39285714285717,306.28205128205127,266.0,0.0,0.0,0.0,0.0,E
342,346.0,353.0,326.0,253.0,211.0,242.0,311.0,257.0,303.0,338.0,292.0,165.0,188.0,126.0,261.0,228.5,301.5,346.0,321.7142857142857,305.87179487179486,266.77083333333337,0.0,0.0,0.0,0.0,E
253,326.0,334.0,357.0,326.0,253.0,342.0,269.0,223.0,315.0,288.0,323.0,311.0,315.0,242.0,261.0,234.0,288.0,353.0,321.0357142857143,305.46153846153845,267.5416666666667,0.0,0.0,0.0,0.0,E
273,369.0,376.0,323.0,261.0,284.0,138.0,342.0,288.0,315.0,207.0,292.0,307.0,261.0,369.0,315.0,423.0,276.0,321.0,320.35714285714283,305.05128205128204,268.3125,0.0,0.0,0.0,0.0,E
376,276.0,342.0,273.0,284.0,315.0,261.0,288.0,161.0,234.0,238.0,261.0,192.0,311.0,188.0,257.0,257.0,268.5,289.0,319.67857142857144,304.64102564102564,269.08333333333337,0.0,0.0,0.0,0.0,E
326,219.0,361.0,361.0,315.0,288.0,296.0,223.0,269.0,146.0,242.0,134.0,223.0,276.0,334.0,376.0,365.0,261.0,257.0,319.0,304.2307692307692,269.8541666666667,0.0,0.0,0.0,0.0,E
369,261.0,415.0,396.0,346.0,261.0,323.0,307.0,207.0,115.0,123.0,107.0,288.0,288.0,346.0,319.0,361.0,357.0,274.5,319.0,303.8205128205128,270.625,0.0,0.0,0.0,0.0,E
311,203.0,334.0,269.0,365.0,319.0,273.0,384.0,257.0,361.0,311.0,346.0,246.0,326.0,261.0,303.0,284.0,326.0,292.0,319.0,303.4102564102564,271.39583333333337,0.0,0.0,0.0,0.0,E
311,311.0,284.0,246.0,273.0,338.0,192.0,288.0,261.0,315.0,396.0,388.0,203.0,346.0,307.0,292.0,276.0,203.0,176.0,303.0,303.0,272.1666666666667,0.0,0.0,0.0,0.0,E
192,315.0,303.0,311.0,246.0,415.0,203.0,219.0,184.0,184.0,303.0,207.0,323.0,161.0,215.0,269.0,288.0,226.0,282.0,322.5,338.0,272.9375,0.0,0.0,0.0,0.0,E
269,338.0,315.0,365.0,242.0,323.0,311.0,326.0,219.0,223.0,173.0,265.0,203.0,234.0,315.0,296.0,288.0,265.0,388.0,342.0,373.0,273.70833333333337,0.0,0.0,0.0,0.0,E
326,365.0,319.0,323.0,319.0,284.0,184.0,307.0,257.0,434.0,376.0,203.0,311.0,311.0,284.0,242.0,357.0,346.0,246.0,342.0,369.94736842105266,274.4791666666667,0.0,0.0,0.0,0.0,E
288,238.0,265.0,246.0,153.0,303.0,176.0,269.0,246.0,126.0,342.0,242.0,323.0,276.0,292.0,315.0,359.0,316.3333333333333,246.78947368421052,342.0,366.89473684210526,275.25,0.0,0.0,0.0,0.0,E
338,326.0,334.0,261.0,361.0,311.0,215.0,303.0,169.0,284.0,246.0,207.0,176.0,269.0,246.0,388.0,361.0,286.6666666666667,247.57894736842104,342.0,363.8421052631579,276.02083333333337,0.0,0.0,0.0,0.0,E
315,303.0,369.0,365.0,426.0,411.0,307.0,307.0,176.0,138.0,119.0,226.0,184.0,392.0,392.0,326.0,261.0,257.0,248.3684210526316,342.0,360.7894736842105,276.7916666666667,0.0,0.0,0.0,0.0,E
242,365.0,338.0,311.0,476.0,261.0,242.0,242.0,253.0,153.0,119.0,369.0,376.0,192.0,284.0,311.0,365.0,320.5,249.1578947368421,342.0,357.7368421052632,277.5625,0.0,0.0,0.0,0.0,E
196,365.0,269.0,257.0,211.0,284.0,238.0,288.0,215.0,196.0,303.0,284.0,484.0,407.0,461.0,246.0,326.0,384.0,249.94736842105263,342.0,354.6842105263158,278.33333333333337,0.0,0.0,0.0,0.0,E
284,203.0,346.0,226.0,276.0,161.0,261.0,257.0,234.0,238.0,373.0,292.0,253.0,326.0,384.0,284.0,192.0,359.0,250.73684210526315,342.0,351.63157894736844,279.1041666666667,0.0,0.0,0.0,0.0,E
303,423.0,396.0,311.0,257.0,265.0,226.0,334.0,269.0,307.0,223.0,388.0,384.0,365.0,411.0,369.0,276.0,334.0,251.52631578947367,342.0,348.57894736842104,279.875,0.0,0.0,0.0,0.0,E
357,396.0,223.0,146.0,307.0,261.0,423.0,211.0,211.0,257.0,326.0,246.0,326.0,253.0,311.0,321.0,276.0,331.2857142857143,252.31578947368422,342.0,345.5263157894737,280.64583333333337,0.0,0.0,0.0,0.0,E
211,346.0,276.0,346.0,326.0,307.0,307.0,207.0,296.0,223.0,365.0,246.0,342.0,292.0,238.0,273.0,276.0,328.57142857142856,253.10526315789474,342.0,342.4736842105263,281.4166666666667,0.0,0.0,0.0,0.0,E
296,326.0,257.0,338.0,242.0,311.0,338.0,315.0,342.0,242.0,303.0,257.0,446.0,311.0,257.0,353.0,283.8,325.85714285714283,253.89473684210526,342.0,339.42105263157896,282.1875,0.0,0.0,0.0,0.0,E
261,407.0,353.0,334.0,307.0,426.0,292.0,326.0,203.0,223.0,273.0,261.0,307.0,296.0,296.0,257.0,291.6,323.14285714285717,254.68421052631578,342.0,336.36842105263156,282.95833333333337,0.0,0.0,0.0,0.0,E
303,388.0,488.0,353.0,342.0,411.0,276.0,161.0,265.0,192.0,296.0,269.0,465.0,303.0,384.0,253.0,299.4,320.42857142857144,255.4736842105263,342.0,333.3157894736842,283.7291666666667,0.0,0.0,0.0,0.0,E
346,253.0,303.0,407.0,369.0,265.0,176.0,269.0,276.0,361.0,315.0,369.0,359.0,324.5,393.5,261.0,307.2,317.7142857142857,256.2631578947368,342.0,330.2631578947368,284.5,0.0,0.0,0.0,0.0,E
492,319.0,434.0,319.0,434.0,326.0,276.0,384.0,353.0,273.0,373.0,173.0,253.0,346.0,403.0,269.0,315.0,315.0,257.05263157894734,342.0,327.2105263157895,285.27083333333337,0.0,0.0,0.0,0.0,E
423,465.0,188.0,411.0,238.0,407.0,261.0,292.0,253.0,246.0,153.0,261.0,296.0,238.0,326.3333333333333,276.6,317.2,287.2,257.8421052631579,342.0,324.1578947368421,286.0416666666667,0.0,0.0,0.0,0.0,E
184,346.0,269.0,376.0,292.0,238.0,326.0,165.0,415.0,334.0,346.0,388.0,244.0,230.5,249.66666666666666,284.2,319.4,259.4,258.63157894736844,342.0,321.10526315789474,286.8125,0.0,0.0,0.0,0.0,E
407,192.0,253.0,238.0,311.0,188.0,315.0,146.0,276.0,326.0,246.0,326.0,192.0,223.0,173.0,291.8,321.6,231.6,259.42105263157896,342.0,318.05263157894734,287.58333333333337,0.0,0.0,0.0,0.0,E
207,326.0,246.0,215.0,223.0,165.0,234.0,219.0,261.0,184.0,276.0,388.0,361.0,376.0,265.0,299.4,323.8,203.8,260.2105263157895,342.0,315.0,288.3541666666667,0.0,0.0,0.0,0.0,E
169,292.0,253.0,323.0,311.0,434.0,292.0,434.0,365.0,234.0,269.0,284.0,326.0,261.0,357.0,307.0,326.0,176.0,261.0,342.0,311.9473684210526,289.125,0.0,0.0,0.0,0.0,E
226,396.0,215.0,288.0,423.0,338.0,411.0,488.0,311.0,346.0,226.0,311.0,365.0,334.0,203.0,307.0,303.0,160.14285714285714,259.85714285714283,342.0,308.89473684210526,289.89583333333337,0.0,0.0,0.0,0.0,E
219,273.0,215.0,473.0,346.0,484.0,373.0,419.0,319.0,361.0,184.0,265.0,292.0,396.0,211.0,307.0,280.0,144.28571428571428,258.7142857142857,342.0,305.8421052631579,290.6666666666667,0.0,0.0,0.0,0.0,E
323,307.0,419.0,292.0,361.0,269.0,461.0,307.0,84.0,276.0,173.0,403.0,373.0,461.0,353.0,357.0,257.0,128.42857142857144,257.57142857142856,342.0,302.7894736842105,291.4375,0.0,0.0,0.0,0.0,E
415,284.0,434.0,392.0,238.0,496.0,396.0,334.0,269.0,269.0,338.0,276.0,207.0,296.0,303.0,219.0,234.0,112.57142857142857,256.42857142857144,342.0,299.7368421052631,292.20833333333337,0.0,0.0,0.0,0.0,E
403,284.0,373.0,357.0,253.0,423.0,457.0,215.0,334.0,269.0,376.0,276.0,242.0,76.0,253.0,170.33333333333334,211.0,96.71428571428571,255.28571428571428,342.0,296.6842105263158,292.9791666666667,0.0,0.0,0.0,0.0,E
415,488.0,230.5,230.0,180.0,367.0,270.5,167.0,309.0,328.5,332.0,330.0,313.0,101.0,203.0,121.66666666666667,188.0,80.85714285714286,254.14285714285714,342.0,293.63157894736844,293.75,0.0,0.0,0.0,0.0,E
442,288.0,88.0,103.0,107.0,311.0,84.0,119.0,284.0,388.0,288.0,384.0,384.0,126.0,153.0,73.0,165.0,65.0,253.0,342.0,290.57894736842104,294.52083333333337,0.0,0.0,0.0,0.0,E
296,353.0,357.0,465.0,453.0,346.0,311.0,303.0,292.0,226.0,273.0,246.0,311.0,238.0,238.0,219.0,276.5,217.0,254.8181818181818,342.0,287.5263157894737,295.2916666666667,0.0,0.0,0.0,0.0,E
234,296.0,276.0,338.0,234.0,384.0,307.0,423.0,292.0,292.0,173.0,242.0,238.0,311.0,319.0,338.0,388.0,369.0,256.6363636363636,342.0,284.4736842105263,296.0625,0.0,0.0,0.0,0.0,E
276,238.0,342.0,353.0,357.0,357.0,373.0,146.0,292.0,384.0,323.0,353.0,245.5,378.5,330.3333333333333,309.6666666666667,326.3333333333333,373.6,258.45454545454544,342.0,281.42105263157896,296.83333333333337,0.0,0.0,0.0,0.0,E
315,319.0,323.0,276.0,288.0,334.0,334.0,276.0,346.0,426.0,303.0,257.0,253.0,446.0,341.6666666666667,281.3333333333333,264.6666666666667,378.2,260.27272727272725,342.0,278.36842105263156,297.6041666666667,0.0,0.0,0.0,0.0,E
303,207.0,246.0,226.0,238.0,165.0,257.0,284.0,246.0,238.0,296.0,169.0,273.0,338.0,353.0,253.0,203.0,382.8,262.09090909090907,342.0,275.3157894736842,298.375,0.0,0.0,0.0,0.0,E
265,265.0,323.0,338.0,346.0,361.0,276.0,326.0,334.0,342.0,223.0,265.0,269.0,265.0,134.0,146.0,257.0,387.4,263.90909090909093,342.0,272.2631578947368,299.14583333333337,0.0,0.0,0.0,0.0,E
134,365.0,315.0,288.0,269.0,296.0,323.0,357.0,265.0,307.0,269.0,226.0,269.0,242.0,269.0,342.0,311.0,392.0,265.72727272727275,342.0,269.2105263157895,299.9166666666667,0.0,0.0,0.0,0.0,E
315,215.0,273.0,246.0,238.0,311.0,346.0,323.0,303.0,226.0,319.0,265.0,296.0,261.0,357.0,265.0,184.0,328.5,267.54545454545456,342.0,266.1578947368421,300.6875,0.0,0.0,0.0,0.0,E
265,234.0,234.0,307.0,292.0,292.0,326.0,411.0,357.0,307.0,257.0,203.0,257.0,326.0,361.0,342.0,223.0,265.0,269.3636363636364,342.0,263.10526315789474,301.45833333333337,0.0,0.0,0.0,0.0,E
334,423.0,376.0,361.0,323.0,365.0,361.0,361.0,392.0,353.0,342.0,315.0,207.0,238.0,303.0,359.0,249.5,261.0,271.1818181818182,342.0,260.05263157894734,302.2291666666667,0.0,0.0,0.0,0.0,E
288,296.0,338.0,369.0,353.0,361.0,373.0,307.0,253.0,226.0,207.0,176.0,203.0,184.0,184.0,376.0,276.0,257.0,273.0,342.0,257.0,303.0,226.0,0.0,0.0,0.0,E
242,257.0,303.0,411.0,461.0,153.0,211.0,315.0,173.0,273.0,253.0,284.0,373.0,357.0,311.0,291.5,259.75,252.25,264.25,322.75,261.0,304.64285714285717,225.92142857142858,0.0,0.0,0.0,E
353,361.0,284.0,407.0,384.0,361.0,315.0,284.0,157.0,265.0,346.0,238.0,238.0,326.0,261.0,207.0,243.5,247.5,255.5,303.5,265.0,306.2857142857143,225.84285714285716,0.0,0.0,0.0,E
238,261.0,296.0,265.0,292.0,357.0,284.0,338.0,265.0,288.0,338.0,284.0,238.0,339.5,286.0,232.0,227.25,242.75,246.75,284.25,269.0,307.92857142857144,225.7642857142857,0.0,0.0,0.0,E
323,373.0,319.0,376.0,384.0,415.0,334.0,315.0,196.0,238.0,223.0,269.0,365.0,353.0,311.0,257.0,211.0,238.0,238.0,265.0,273.0,309.57142857142856,225.68571428571428,0.0,0.0,0.0,E
323,303.0,292.0,303.0,303.0,296.0,192.0,196.0,188.0,253.0,419.0,438.0,315.0,330.0,313.0,326.5,243.5,297.5,236.1,282.7,275.3,311.2142857142857,225.60714285714286,0.0,0.0,0.0,E
326,265.0,284.0,265.0,253.0,234.0,234.0,357.0,334.0,215.0,215.0,307.0,265.0,307.0,315.0,396.0,276.0,357.0,234.2,300.4,277.6,312.85714285714283,225.52857142857144,0.0,0.0,0.0,E
96,69.0,61.0,203.0,228.0,272.5,195.5,266.5,268.5,211.0,270.5,326.5,286.0,347.5,305.5,301.5,296.25,353.125,232.3,318.1,279.9,314.5,225.45,0.0,0.0,0.0,E
173,88.0,176.0,123.0,203.0,311.0,157.0,176.0,203.0,207.0,326.0,346.0,307.0,388.0,296.0,207.0,316.5,349.25,230.4,335.8,282.2,316.14285714285717,225.37142857142857,0.0,0.0,0.0,E
269,215.0,223.0,207.0,315.0,303.0,307.0,242.0,242.0,246.0,253.0,223.0,219.0,319.0,276.0,419.0,336.75,345.375,228.5,353.5,284.5,317.7857142857143,225.29285714285714,0.0,0.0,0.0,E
419,276.0,407.0,353.0,273.0,246.0,326.0,265.0,215.0,265.0,307.0,203.0,219.0,219.0,315.0,296.0,357.0,341.5,226.6,371.2,286.8,319.42857142857144,225.21428571428572,0.0,0.0,0.0,E
265,161.0,173.0,134.0,7.0,273.0,226.0,192.0,153.0,161.0,223.0,326.0,307.0,288.0,296.0,288.3333333333333,334.0,337.625,224.7,388.9,289.1,321.07142857142856,225.13571428571427,0.0,0.0,0.0,E
338,207.0,315.0,138.0,215.0,315.0,234.0,88.0,88.0,203.0,138.0,288.0,246.0,373.0,303.0,280.6666666666667,311.0,333.75,222.8,406.6,291.4,322.7142857142857,225.05714285714285,0.0,0.0,0.0,E
292,315.0,319.0,219.0,184.0,119.0,311.0,273.0,311.0,196.0,184.0,238.0,342.0,223.0,273.0,273.0,288.0,329.875,220.9,424.29999999999995,293.7,324.35714285714283,224.97857142857143,0.0,0.0,0.0,E
273,315.0,346.0,253.0,376.0,284.0,388.0,257.0,265.0,334.0,446.0,226.0,365.0,369.0,276.0,446.0,265.0,326.0,219.0,442.0,296.0,326.0,224.9,0.0,0.0,0.0,E
169,357.0,338.0,226.0,361.0,288.0,219.0,315.0,242.0,446.0,273.0,261.0,223.0,426.0,461.0,484.0,496.0,318.3333333333333,203.66666666666666,443.3333333333333,301.0,301.85714285714283,224.82142857142858,0.0,0.0,0.0,E
246,169.0,188.0,292.0,153.0,238.0,315.0,223.0,319.0,226.0,134.0,242.0,246.0,353.0,353.0,409.0,415.0,310.6666666666667,188.33333333333334,444.6666666666667,306.0,277.7142857142857,224.74285714285713,0.0,0.0,0.0,E
276,276.0,292.0,407.0,226.0,334.0,215.0,442.0,307.0,307.0,288.0,188.0,403.0,315.0,219.0,334.0,334.0,303.0,173.0,446.0,311.0,253.57142857142856,224.6642857142857,0.0,0.0,0.0,E
426,311.0,165.0,388.0,315.0,296.0,253.0,311.0,223.0,303.0,296.0,446.0,219.0,403.0,269.0,376.0,161.0,361.0,219.0,388.25,286.0,229.42857142857144,224.5857142857143,0.0,0.0,0.0,E
153,288.0,292.0,369.0,226.0,361.0,426.0,434.0,296.0,338.0,188.0,342.0,153.0,269.0,303.6666666666667,349.3333333333333,236.66666666666669,349.3333333333333,265.0,330.5,261.0,205.28571428571428,224.50714285714287,0.0,0.0,0.0,E
457,384.0,357.0,373.0,192.0,296.0,446.0,292.0,346.0,169.0,211.0,169.0,423.0,253.0,338.3333333333333,322.6666666666667,312.33333333333337,337.6666666666667,311.0,272.75,236.0,181.14285714285714,224.42857142857142,0.0,0.0,0.0,E
365,353.0,423.0,365.0,326.0,165.0,342.0,276.0,334.0,265.0,369.0,196.0,319.0,273.0,373.0,296.0,388.0,326.0,357.0,215.0,211.0,157.0,224.35,0.0,0.0,0.0,E
388,388.0,319.0,361.0,296.0,403.0,203.0,176.0,223.0,242.0,303.0,257.0,319.0,111.0,215.0,296.0,349.6666666666667,337.6666666666667,313.3333333333333,240.66666666666666,217.75,159.0,224.27142857142857,0.0,0.0,0.0,E
384,223.0,296.0,446.0,326.0,346.0,257.0,103.0,257.0,157.0,207.0,284.0,107.0,376.0,269.0,296.0,311.3333333333333,349.3333333333333,269.6666666666667,266.3333333333333,224.5,161.0,224.19285714285715,0.0,0.0,0.0,E
407,357.0,484.0,284.0,384.0,396.0,242.0,426.0,307.0,261.0,207.0,288.0,173.0,303.0,211.0,353.0,273.0,361.0,226.0,292.0,231.25,163.0,224.11428571428573,0.0,0.0,0.0,E
376,442.0,376.0,376.0,273.0,476.0,307.0,388.0,403.0,288.0,123.0,326.0,219.0,303.0,211.0,211.0,92.0,234.0,134.0,254.2,238.0,165.0,224.03571428571428,0.0,0.0,0.0,E
334,376.0,373.0,442.0,326.0,442.0,311.0,238.0,384.0,234.0,392.0,265.0,407.0,261.0,384.0,273.0,184.0,253.0,186.0,216.4,244.75,167.0,223.95714285714286,0.0,0.0,0.0,E
376,469.0,319.0,453.0,334.0,307.0,153.0,257.0,273.0,192.0,342.0,138.0,257.0,96.0,347.5,219.0,230.33333333333334,284.0,238.0,178.60000000000002,251.5,169.0,223.87857142857143,0.0,0.0,0.0,E
223,338.0,392.0,226.0,319.0,203.0,323.0,407.0,288.0,388.0,188.0,392.0,323.0,392.0,311.0,165.0,276.6666666666667,315.0,290.0,140.8,258.25,171.0,223.8,0.0,0.0,0.0,E
184,307.0,215.0,388.0,269.0,419.0,257.0,388.0,326.0,426.0,315.0,288.0,296.0,211.0,357.0,288.0,323.0,346.0,342.0,103.0,265.0,173.0,223.72142857142856,0.0,0.0,0.0,E
215,419.0,265.0,346.0,184.0,338.0,203.0,261.0,196.0,238.0,253.0,146.0,296.0,192.0,476.0,311.0,484.0,302.75,346.75,167.5,279.875,193.125,223.64285714285714,0.0,0.0,0.0,E
446,469.0,392.0,311.0,353.0,315.0,226.0,361.0,157.0,76.0,223.0,146.0,361.0,107.0,371.0,272.6666666666667,426.3333333333333,259.5,351.5,232.0,294.75,213.25,223.56428571428572,0.0,0.0,0.0,E
257,311.0,288.0,19.0,42.0,342.0,291.5,399.5,224.5,226.0,246.0,226.5,351.5,124.5,266.0,234.33333333333331,368.6666666666667,216.25,356.25,296.5,309.625,233.375,223.4857142857143,0.0,0.0,0.0,E
373,238.0,288.0,292.0,361.0,369.0,357.0,438.0,292.0,376.0,269.0,307.0,342.0,142.0,161.0,196.0,311.0,173.0,361.0,361.0,324.5,253.5,223.40714285714284,0.0,0.0,0.0,E
457,296.0,273.0,161.0,357.0,265.0,365.0,273.0,384.0,238.0,173.0,207.0,242.0,234.0,403.0,188.33333333333334,327.6666666666667,193.33333333333334,348.3333333333333,327.6666666666667,339.375,273.625,223.32857142857142,0.0,0.0,0.0,E
307,423.0,303.0,392.0,203.0,403.0,196.0,396.0,215.0,257.0,319.0,234.0,319.0,165.0,345.5,180.66666666666666,344.3333333333333,213.66666666666666,335.6666666666667,294.3333333333333,354.25,293.75,223.25,0.0,0.0,0.0,E
192,234.0,315.0,265.0,419.0,319.0,453.0,353.0,434.0,207.0,338.0,284.0,338.0,173.0,288.0,173.0,361.0,234.0,323.0,261.0,369.125,313.875,223.17142857142858,0.0,0.0,0.0,E
303,376.0,434.0,296.0,369.0,207.0,353.0,434.0,261.0,411.0,307.0,242.0,403.0,284.0,338.0,165.0,265.0,296.0,176.0,388.0,384.0,334.0,223.09285714285716,0.0,0.0,0.0,E
403,107.0,119.0,269.0,207.0,269.0,423.0,307.0,334.0,359.0,272.5,203.5,318.5,313.6666666666667,339.3333333333333,214.0,268.1666666666667,305.46153846153845,175.8421052631579,387.1,379.1333333333333,331.765306122449,223.0142857142857,0.0,0.0,0.0,E
392,319.0,396.0,315.0,296.0,338.0,184.0,246.0,407.0,307.0,238.0,165.0,234.0,343.3333333333333,340.6666666666667,263.0,271.3333333333333,314.9230769230769,175.68421052631578,386.2,374.26666666666665,329.53061224489795,222.93571428571428,0.0,0.0,0.0,E
142,238.0,384.0,338.0,426.0,288.0,388.0,419.0,265.0,411.0,238.0,361.0,269.0,373.0,342.0,312.0,274.5,324.38461538461536,175.52631578947367,385.3,369.4,327.2959183673469,222.85714285714286,0.0,0.0,0.0,E
326,173.0,303.0,196.0,257.0,407.0,326.0,384.0,238.0,388.0,207.0,476.0,276.0,334.0,342.0,361.0,277.6666666666667,333.84615384615387,175.3684210526316,384.4,364.53333333333336,325.0612244897959,222.77857142857144,0.0,0.0,0.0,E
215,392.0,326.0,434.0,438.0,357.0,257.0,369.0,338.0,415.0,253.0,403.0,323.0,242.0,407.0,253.5,280.8333333333333,343.3076923076923,175.21052631578948,383.5,359.6666666666667,322.8265306122449,222.7,0.0,0.0,0.0,E
496,326.0,253.0,369.0,276.0,273.0,223.0,373.0,334.0,188.0,357.0,211.0,307.0,188.0,242.0,146.0,284.0,352.7692307692308,175.05263157894737,382.6,354.8,320.59183673469386,222.62142857142857,0.0,0.0,0.0,E
396,353.0,396.0,207.0,365.0,273.0,146.0,261.0,115.0,215.0,307.0,126.0,115.0,115.0,207.5,185.66666666666666,311.42857142857144,362.2307692307692,174.89473684210526,381.7,349.93333333333334,318.35714285714283,222.54285714285714,0.0,0.0,0.0,E
242,446.0,415.0,323.0,434.0,215.0,153.0,315.0,192.0,176.0,392.0,469.0,342.0,315.0,173.0,225.33333333333331,338.85714285714283,371.6923076923077,174.73684210526315,380.8,345.06666666666666,316.1224489795918,222.46428571428572,0.0,0.0,0.0,E
323,446.0,303.0,419.0,319.0,415.0,288.0,442.0,161.0,257.0,261.0,319.0,157.0,288.0,284.0,265.0,366.2857142857143,381.1538461538462,174.57894736842104,379.9,340.2,313.88775510204084,222.38571428571427,0.0,0.0,0.0,E
288,265.0,411.0,157.0,261.0,423.0,292.0,338.0,201.5,266.0,252.0,316.3333333333333,213.33333333333334,263.6666666666667,313.75,315.0,393.7142857142857,390.61538461538464,174.42105263157896,379.0,335.3333333333333,311.6530612244898,222.30714285714285,0.0,0.0,0.0,E
496,269.0,303.0,257.0,453.0,473.0,426.0,361.0,242.0,275.0,243.0,313.6666666666667,269.6666666666667,239.33333333333334,343.5,365.0,421.1428571428571,400.0769230769231,174.26315789473685,378.1,330.4666666666667,309.4183673469388,222.22857142857143,0.0,0.0,0.0,E
307,338.0,238.0,419.0,446.0,34.0,34.0,69.0,115.0,284.0,234.0,311.0,326.0,215.0,373.25,415.0,448.57142857142856,409.53846153846155,174.10526315789474,377.2,325.6,307.18367346938777,222.15,0.0,0.0,0.0,E
311,307.0,223.0,284.0,438.0,288.0,207.0,142.0,188.0,184.0,207.0,253.0,346.0,361.0,403.0,465.0,476.0,419.0,173.94736842105263,376.3,320.73333333333335,304.94897959183675,222.07142857142858,0.0,0.0,0.0,E
184,307.0,276.0,326.0,319.0,334.0,357.0,319.0,423.0,492.0,338.0,426.0,326.0,361.0,307.0,369.0,316.5,402.3333333333333,173.78947368421052,375.4,315.8666666666667,302.7142857142857,221.99285714285713,0.0,0.0,0.0,E
319,307.0,346.0,369.0,338.0,469.0,315.0,288.0,276.0,319.0,215.0,311.0,288.0,365.0,273.0,273.0,157.0,385.6666666666667,173.6315789473684,374.5,311.0,300.4795918367347,221.9142857142857,0.0,0.0,0.0,E
253,342.0,226.0,311.0,273.0,346.0,315.0,342.0,253.0,153.0,311.0,119.0,246.0,242.0,296.0,278.0,191.66666666666666,369.0,173.47368421052633,373.6,306.1333333333333,298.2448979591837,221.8357142857143,0.0,0.0,0.0,E
384,365.0,273.0,323.0,284.0,388.0,292.0,246.0,353.0,265.0,153.0,296.0,257.0,280.5,274.5,283.0,226.33333333333331,352.3333333333333,173.31578947368422,372.7,301.26666666666665,296.01020408163265,221.75714285714287,0.0,0.0,0.0,E
169,396.0,334.0,284.0,334.0,438.0,338.0,361.0,323.0,319.0,219.0,269.0,196.0,319.0,253.0,288.0,261.0,335.66666666666663,173.1578947368421,371.8,296.4,293.7755102040816,221.67857142857142,0.0,0.0,0.0,E
446,257.0,319.0,257.0,319.0,353.0,296.0,238.0,284.0,234.0,215.0,323.0,176.0,296.0,269.0,384.0,284.0,319.0,173.0,370.9,291.53333333333336,291.5408163265306,221.6,0.0,0.0,0.0,E
388,323.0,407.0,342.0,438.0,334.0,211.0,246.0,184.0,396.0,276.0,369.0,199.5,226.5,182.5,220.5,289.27272727272725,323.1818181818182,177.8181818181818,370.0,286.6666666666667,289.3061224489796,221.52142857142857,0.0,0.0,0.0,E
211,334.0,261.0,157.0,311.0,234.0,226.0,57.0,138.0,92.0,246.0,142.0,223.0,157.0,96.0,57.0,294.54545454545456,327.3636363636364,182.63636363636363,369.1,281.8,287.07142857142856,221.44285714285715,0.0,0.0,0.0,E
219,407.0,284.0,407.0,288.0,323.0,211.0,188.0,223.0,146.0,307.0,361.0,303.0,384.0,226.0,92.11111111111111,299.8181818181818,331.54545454545456,187.45454545454547,368.2,276.93333333333334,284.83673469387753,221.36428571428573,0.0,0.0,0.0,E
423,373.0,292.0,153.0,238.0,176.0,261.0,103.0,311.0,469.0,476.0,492.0,343.5,272.5,230.42857142857142,127.22222222222223,305.09090909090907,335.72727272727275,192.27272727272728,367.3,272.06666666666666,282.6020408163265,221.28571428571428,0.0,0.0,0.0,E
284,265.0,288.0,292.0,288.0,253.0,246.0,211.0,315.0,184.0,126.0,376.0,384.0,161.0,234.85714285714286,162.33333333333334,310.3636363636364,339.9090909090909,197.0909090909091,366.4,267.20000000000005,280.36734693877554,221.20714285714286,0.0,0.0,0.0,E
257,207.0,384.0,323.0,257.0,196.0,346.0,373.0,407.0,165.0,173.0,405.6666666666667,354.6666666666667,169.75,239.28571428571428,197.44444444444446,315.6363636363636,344.09090909090907,201.9090909090909,365.5,262.33333333333337,278.13265306122446,221.12857142857143,0.0,0.0,0.0,E
246,361.0,215.0,273.0,69.0,188.0,203.0,315.0,453.0,473.0,392.0,435.3333333333333,325.3333333333333,178.5,243.71428571428572,232.55555555555557,320.9090909090909,348.27272727272725,206.72727272727272,364.6,257.4666666666667,275.8979591836735,221.05,0.0,0.0,0.0,E
403,257.0,303.0,203.0,338.0,346.0,184.0,196.0,473.0,384.0,396.0,465.0,296.0,187.25,248.14285714285714,267.6666666666667,326.1818181818182,352.45454545454544,211.54545454545456,363.7,252.60000000000002,273.66326530612247,220.97142857142856,0.0,0.0,0.0,E
188,161.0,319.0,261.0,326.0,242.0,111.0,53.0,96.0,415.0,488.0,396.0,388.0,196.0,252.57142857142858,302.7777777777778,331.45454545454544,356.6363636363636,216.36363636363637,362.8,247.73333333333335,271.42857142857144,220.89285714285714,0.0,0.0,0.0,E
396,261.0,307.0,423.0,361.0,273.0,273.0,184.0,176.0,184.0,365.0,384.0,392.0,196.0,257.0,337.8888888888889,336.72727272727275,360.8181818181818,221.1818181818182,361.9,242.86666666666667,269.1938775510204,220.81428571428572,0.0,0.0,0.0,E
411,384.0,311.0,415.0,238.0,273.0,234.0,323.0,188.0,307.0,188.0,438.0,453.0,488.0,342.0,373.0,342.0,365.0,226.0,361.0,238.0,266.9591836734694,220.7357142857143,0.0,0.0,0.0,E
323,303.0,292.0,438.0,346.0,269.0,276.0,238.0,319.0,288.0,403.0,373.0,261.0,315.0,265.0,352.75,329.5,353.09090909090907,227.92857142857142,352.2142857142857,238.55882352941177,264.7244897959184,220.65714285714284,0.0,0.0,0.0,E
207,234.0,276.0,292.0,253.0,369.0,484.0,376.0,361.0,334.0,357.0,338.0,284.0,304.6666666666667,298.3333333333333,332.5,317.0,341.1818181818182,229.85714285714286,343.42857142857144,239.11764705882354,262.48979591836735,220.57857142857142,0.0,0.0,0.0,E
323,323.0,261.0,288.0,334.0,326.0,265.0,373.0,403.0,476.0,388.0,388.0,338.0,294.3333333333333,331.6666666666667,312.25,304.5,329.27272727272725,231.78571428571428,334.6428571428571,239.6764705882353,260.2551020408163,220.5,0.0,0.0,0.0,E
323,334.0,284.0,184.0,165.0,173.0,134.0,146.0,115.0,292.0,334.0,438.0,392.0,284.0,365.0,292.0,292.0,317.3636363636364,233.71428571428572,325.85714285714283,240.23529411764707,258.0204081632653,220.42142857142858,0.0,0.0,0.0,E
261,261.0,273.0,161.0,223.0,142.0,388.0,369.0,423.0,284.0,338.0,404.6666666666667,379.0,313.75,319.75,284.25,279.5,305.45454545454544,235.64285714285714,317.07142857142856,240.7941176470588,255.78571428571428,220.34285714285716,0.0,0.0,0.0,E
165,473.0,230.5,136.0,167.0,92.0,245.5,276.5,403.5,370.5,370.5,371.3333333333333,366.0,343.5,274.5,276.5,267.0,293.54545454545456,237.57142857142858,308.2857142857143,241.35294117647058,253.55102040816325,220.2642857142857,0.0,0.0,0.0,E
396,196.0,188.0,111.0,111.0,42.0,103.0,184.0,384.0,457.0,403.0,338.0,353.0,373.25,229.25,268.75,254.5,281.6363636363636,239.5,299.5,241.91176470588235,251.31632653061223,220.18571428571428,0.0,0.0,0.0,E
334,273.0,346.0,323.0,311.0,138.0,119.0,176.0,319.0,307.0,476.0,411.0,426.0,403.0,184.0,261.0,242.0,269.72727272727275,241.42857142857142,290.7142857142857,242.47058823529412,249.08163265306123,220.10714285714286,0.0,0.0,0.0,E
265,273.0,373.0,353.0,403.0,276.0,238.0,292.0,296.0,426.0,465.0,488.0,342.0,388.0,269.0,261.0,216.33333333333334,257.8181818181818,243.35714285714286,281.92857142857144,243.02941176470588,246.8469387755102,220.02857142857144,0.0,0.0,0.0,E
288,226.0,253.0,153.0,42.0,192.0,211.0,353.0,469.0,476.0,357.0,411.0,359.0,420.5,347.5,263.0,190.66666666666666,245.90909090909093,245.28571428571428,273.1428571428571,243.58823529411765,244.6122448979592,219.95,0.0,0.0,0.0,E
373,376.0,442.0,403.0,338.0,242.0,188.0,173.0,226.0,226.0,261.0,403.0,376.0,453.0,426.0,265.0,165.0,234.0,247.21428571428572,264.35714285714283,244.14705882352942,242.37755102040816,219.87142857142857,0.0,0.0,0.0,E
276,223.0,153.0,153.0,46.0,407.0,357.0,182.5,239.5,318.5,311.0,398.0,345.3333333333333,436.3333333333333,381.3333333333333,279.0,207.33333333333334,280.3333333333333,249.14285714285714,255.57142857142856,244.7058823529412,240.14285714285714,219.79285714285714,0.0,0.0,0.0,E
403,373.0,284.0,319.0,192.0,265.0,184.0,192.0,253.0,411.0,361.0,393.0,314.6666666666667,419.6666666666667,336.6666666666667,293.0,249.66666666666669,326.6666666666667,251.07142857142858,246.78571428571428,245.26470588235293,237.90816326530614,219.71428571428572,0.0,0.0,0.0,E
303,303.0,376.0,307.0,276.0,115.0,11.0,46.0,261.0,403.0,411.0,388.0,284.0,403.0,292.0,307.0,292.0,373.0,253.0,238.0,245.8235294117647,235.67346938775512,219.6357142857143,0.0,0.0,0.0,E
265,326.0,342.0,303.0,242.0,169.0,165.0,176.0,303.0,419.0,353.0,419.0,373.0,269.0,276.0,361.0,278.5,350.75,253.8,241.25,246.38235294117646,233.4387755102041,219.55714285714285,0.0,0.0,0.0,E
334,365.0,407.0,246.0,319.0,303.0,207.0,161.0,288.0,338.0,446.0,434.0,246.0,207.0,226.0,234.0,265.0,328.5,254.6,244.5,246.94117647058823,231.20408163265307,219.47857142857143,0.0,0.0,0.0,E
261,103.0,234.0,134.0,246.0,284.0,319.0,292.0,373.0,373.0,311.0,184.0,340.0,297.5,230.0,278.5,280.5,306.25,255.4,247.75,247.5,228.96938775510205,219.4,0.0,0.0,0.0,E
238,253.0,261.0,353.0,411.0,415.0,269.0,246.0,276.0,426.0,457.0,411.0,434.0,388.0,234.0,323.0,296.0,284.0,256.2,251.0,248.05882352941177,226.73469387755102,219.32142857142858,0.0,0.0,0.0,E
323,226.0,276.0,203.0,84.0,284.0,373.0,442.0,392.0,387.75,385.0,405.6,402.4,365.6,246.4,327.6,327.3333333333333,281.625,257.0,254.25,248.61764705882354,224.5,219.24285714285713,0.0,0.0,0.0,E
311,284.0,373.0,269.0,184.0,411.0,319.0,242.0,378.5,349.5,313.0,400.2,370.8,343.2,258.8,332.2,358.6666666666667,279.25,257.8,257.5,249.1764705882353,222.26530612244898,219.1642857142857,0.0,0.0,0.0,E
476,261.0,207.0,276.0,242.0,311.0,265.0,42.0,365.0,311.25,241.0,394.8,339.2,320.8,271.2,336.8,390.0,276.875,258.6,260.75,249.73529411764707,220.03061224489795,219.0857142857143,0.0,0.0,0.0,E
473,357.0,265.0,338.0,307.0,242.0,342.0,323.0,365.0,273.0,169.0,389.4,307.6,298.4,283.6,341.4,421.3333333333333,274.5,259.4,264.0,250.2941176470588,217.79591836734693,219.00714285714287,0.0,0.0,0.0,E
223,276.0,176.0,273.0,215.0,284.0,219.0,123.0,153.0,161.0,311.0,384.0,276.0,276.0,296.0,346.0,452.66666666666663,272.125,260.2,267.25,250.85294117647058,215.5612244897959,218.92857142857142,0.0,0.0,0.0,E
269,211.0,276.0,153.0,234.0,273.0,334.0,376.0,276.0,338.0,284.0,265.0,165.0,273.0,261.0,376.0,484.0,269.75,261.0,270.5,251.41176470588235,213.3265306122449,218.85,0.0,0.0,0.0,E
165,253.0,265.0,165.0,269.0,453.0,384.0,369.0,346.0,396.0,396.0,288.0,188.0,292.0,311.0,346.25,467.0,267.375,261.8,273.75,251.97058823529412,211.09183673469389,218.77142857142857,0.0,0.0,0.0,E
338,361.0,438.0,453.0,496.0,446.0,373.0,373.0,303.0,303.0,226.0,303.0,211.0,178.5,303.3333333333333,316.5,450.0,265.0,262.6,277.0,252.52941176470588,208.85714285714286,218.69285714285715,0.0,0.0,0.0,E
188,223.0,157.0,303.0,257.0,253.0,273.0,292.0,292.0,296.0,207.0,223.0,234.0,65.0,295.6666666666667,286.75,433.0,262.625,263.4,280.25,253.08823529411765,206.62244897959184,218.61428571428573,0.0,0.0,0.0,E
134,165.0,234.0,138.0,165.0,146.0,261.0,196.0,223.0,157.0,357.0,334.0,307.0,223.0,288.0,257.0,416.0,260.25,264.2,283.5,253.64705882352942,204.3877551020408,218.53571428571428,0.0,0.0,0.0,E
284,211.0,176.0,323.0,326.0,353.0,211.0,257.0,246.0,288.0,291.5,368.5,338.0,303.5,263.6666666666667,268.6666666666667,399.0,257.875,265.0,286.75,254.2058823529412,202.1530612244898,218.45714285714286,0.0,0.0,0.0,E
284,223.0,403.0,461.0,392.0,196.0,257.0,261.0,342.0,319.0,226.0,403.0,369.0,384.0,239.33333333333334,280.3333333333333,382.0,255.5,265.8,290.0,254.76470588235293,199.9183673469388,218.37857142857143,0.0,0.0,0.0,E
261,142.0,342.0,353.0,396.0,223.0,292.0,246.0,326.0,257.0,315.0,457.0,411.0,423.0,215.0,292.0,365.0,253.125,266.6,293.25,255.3235294117647,197.68367346938777,218.3,0.0,0.0,0.0,E
246,326.0,319.0,253.0,326.0,276.0,303.0,211.0,307.0,307.0,369.0,476.0,357.0,343.3333333333333,216.33333333333334,269.0,333.0,250.75,267.4,296.5,255.88235294117646,195.44897959183675,218.22142857142856,0.0,0.0,0.0,E
115,266.5,303.5,270.5,334.0,330.0,247.5,168.5,251.5,232.0,365.0,374.5,382.0,263.66666666666663,217.66666666666666,246.0,301.0,248.375,268.2,299.75,256.44117647058823,193.21428571428572,218.14285714285714,0.0,0.0,0.0,E
469,207.0,288.0,288.0,342.0,384.0,192.0,126.0,196.0,157.0,361.0,273.0,407.0,184.0,219.0,223.0,269.0,246.0,269.0,303.0,257.0,190.9795918367347,218.06428571428572,0.0,0.0,0.0,E
303,342.0,261.0,369.0,207.0,269.0,403.0,269.0,161.0,407.0,415.0,334.0,384.0,223.0,176.0,269.0,361.0,238.25,274.4736842105263,298.5882352941176,258.3529411764706,188.74489795918367,217.9857142857143,0.0,0.0,0.0,E
215,307.0,269.0,411.0,338.0,319.0,261.0,346.0,296.0,315.0,242.0,365.0,288.0,269.0,369.0,215.0,319.0,230.5,279.94736842105266,294.1764705882353,259.70588235294116,186.51020408163265,217.90714285714284,0.0,0.0,0.0,E
169,388.0,323.0,319.0,269.0,176.0,188.0,207.0,353.0,323.0,434.0,192.0,253.0,169.0,330.5,190.0,280.5,222.75,285.42105263157896,289.7647058823529,261.05882352941177,184.27551020408163,217.82857142857142,0.0,0.0,0.0,E
211,284.0,261.0,211.0,323.0,311.0,353.0,415.0,284.0,342.0,223.0,203.0,353.0,284.0,292.0,165.0,242.0,215.0,290.89473684210526,285.3529411764706,262.4117647058824,182.0408163265306,217.75,0.0,0.0,0.0,E
238,265.0,361.0,361.0,296.0,461.0,442.0,411.0,323.0,303.0,346.0,384.0,361.0,269.0,261.0,178.5,227.14285714285714,199.57142857142858,296.36842105263156,280.94117647058823,263.7647058823529,179.8061224489796,217.67142857142858,0.0,0.0,0.0,E
457,473.0,392.0,361.0,296.0,57.0,211.0,265.0,388.0,407.0,288.0,354.6666666666667,321.3333333333333,284.3333333333333,261.0,192.0,212.28571428571428,184.14285714285714,301.8421052631579,276.52941176470586,265.11764705882354,177.57142857142858,217.59285714285716,0.0,0.0,0.0,E
334,353.0,273.0,46.0,84.0,247.5,301.5,315.0,349.5,391.5,305.5,325.3333333333333,281.6666666666667,299.6666666666667,261.0,205.5,197.42857142857144,168.71428571428572,307.3157894736842,272.11764705882354,266.47058823529414,175.33673469387756,217.5142857142857,0.0,0.0,0.0,E
415,342.0,307.0,315.0,234.0,438.0,392.0,365.0,311.0,376.0,323.0,296.0,242.0,315.0,261.0,219.0,182.57142857142856,153.28571428571428,312.7894736842105,267.70588235294116,267.8235294117647,173.10204081632654,217.43571428571428,0.0,0.0,0.0,E
346,346.0,242.0,296.0,338.0,253.0,261.0,242.0,276.0,292.0,426.0,415.0,315.0,361.0,261.0,232.5,167.71428571428572,137.85714285714286,318.2631578947368,263.29411764705884,269.1764705882353,170.8673469387755,217.35714285714286,0.0,0.0,0.0,E
269,311.0,423.0,315.0,234.0,323.0,269.0,226.0,234.0,188.0,311.0,257.0,373.0,238.0,157.0,246.0,152.85714285714286,122.42857142857143,323.7368421052632,258.88235294117646,270.52941176470586,168.6326530612245,217.27857142857144,0.0,0.0,0.0,E
396,365.0,411.0,392.0,365.0,369.0,361.0,319.0,265.0,288.0,207.0,307.0,342.0,238.0,219.0,207.0,138.0,107.0,329.2105263157895,254.47058823529412,271.88235294117646,166.39795918367346,217.2,0.0,0.0,0.0,E
188,257.0,296.0,315.0,315.0,284.0,376.0,311.0,357.0,392.0,284.0,157.0,341.0,244.75,227.5,211.0,132.25,115.75,334.6842105263158,250.05882352941177,273.2352941176471,164.16326530612247,217.12142857142857,0.0,0.0,0.0,E
357,407.0,357.5,367.0,313.0,340.0,372.5,303.5,305.0,276.5,245.5,190.33333333333334,340.0,251.5,236.0,215.0,126.5,124.5,340.1578947368421,245.6470588235294,274.5882352941176,161.92857142857144,217.04285714285714,0.0,0.0,0.0,E
403,357.0,419.0,419.0,311.0,396.0,369.0,296.0,253.0,161.0,207.0,223.66666666666669,339.0,258.25,244.5,219.0,120.75,133.25,345.63157894736844,241.23529411764707,275.94117647058823,159.69387755102042,216.96428571428572,0.0,0.0,0.0,E
88,103.0,196.0,223.0,261.0,261.0,353.0,315.0,269.0,161.0,215.0,257.0,338.0,265.0,253.0,223.0,115.0,142.0,351.10526315789474,236.8235294117647,277.29411764705884,157.4591836734694,216.8857142857143,0.0,0.0,0.0,E
223,257.0,361.0,303.0,307.0,296.0,296.0,338.0,238.0,242.0,234.0,196.0,276.0,292.0,319.0,284.0,338.0,284.0,356.57894736842104,232.41176470588235,278.6470588235294,155.22448979591837,216.80714285714285,0.0,0.0,0.0,E
257,157.0,184.0,265.0,296.0,315.0,292.0,315.0,261.0,315.0,242.0,319.0,307.0,288.0,119.0,142.0,126.0,275.0,362.0526315789474,228.0,280.0,152.98979591836735,216.72857142857143,0.0,0.0,0.0,E
176,326.0,261.0,307.0,338.0,338.0,265.0,261.0,357.0,292.0,273.0,315.0,292.0,326.0,176.0,307.0,214.5,266.0,367.5263157894737,223.58823529411762,281.3529411764706,150.75510204081633,216.65,0.0,0.0,0.0,E
296,338.0,376.0,234.0,303.0,242.0,238.0,307.0,261.0,326.0,353.0,292.0,296.0,296.0,215.0,292.0,303.0,257.0,373.0,219.1764705882353,282.70588235294116,148.5204081632653,216.57142857142858,0.0,0.0,0.0,E
292,192.0,219.0,357.0,361.0,261.0,303.0,346.0,365.0,215.0,323.0,346.0,307.0,296.0,323.0,346.0,373.0,361.0,362.8181818181818,214.76470588235293,284.05882352941177,146.28571428571428,216.49285714285713,0.0,0.0,0.0,E
288,369.0,223.0,234.0,234.0,276.0,288.0,276.0,407.0,411.0,288.0,261.0,234.0,226.0,246.0,246.0,307.0,329.0,352.6363636363636,210.35294117647058,285.4117647058824,144.05102040816328,216.4142857142857,0.0,0.0,0.0,E
103,23.0,38.0,253.0,373.0,476.0,438.0,384.0,403.0,324.5,280.5,251.5,259.0,209.0,236.0,259.5,363.0,297.0,342.45454545454544,205.94117647058823,286.7647058823529,141.81632653061226,216.3357142857143,0.0,0.0,0.0,E
211,188.0,307.0,273.0,226.0,176.0,303.0,161.0,323.0,238.0,273.0,242.0,284.0,192.0,226.0,273.0,419.0,265.0,332.27272727272725,201.52941176470586,288.11764705882354,139.58163265306123,216.25714285714287,0.0,0.0,0.0,E
115,157.0,184.0,146.0,361.0,161.0,219.0,184.0,373.0,346.0,411.0,226.0,238.0,328.5,241.5,305.5,390.1666666666667,263.2857142857143,322.0909090909091,197.11764705882354,289.47058823529414,137.3469387755102,216.17857142857142,0.0,0.0,0.0,E
319,307.0,361.0,276.0,257.0,384.0,353.0,396.0,369.0,288.0,257.0,338.0,265.0,465.0,257.0,338.0,361.3333333333333,261.57142857142856,311.9090909090909,192.70588235294116,290.8235294117647,135.1122448979592,216.1,0.0,0.0,0.0,E
292,315.0,353.0,423.0,276.0,461.0,346.0,303.0,253.0,253.0,357.0,303.0,288.0,296.0,219.0,346.0,332.5,259.85714285714283,301.72727272727275,188.2941176470588,292.1764705882353,132.87755102040816,216.02142857142857,0.0,0.0,0.0,E
157,207.0,219.0,326.0,292.0,388.0,269.0,284.0,311.0,257.0,323.0,269.0,288.0,134.0,207.0,188.0,303.6666666666667,258.14285714285717,291.54545454545456,183.88235294117646,293.52941176470586,130.64285714285714,215.94285714285715,0.0,0.0,0.0,E
365,319.0,388.0,357.0,357.0,376.0,342.0,392.0,265.0,234.0,161.0,188.0,196.0,184.0,282.0,232.0,274.83333333333337,256.42857142857144,281.3636363636364,179.47058823529412,294.88235294117646,128.40816326530614,215.8642857142857,0.0,0.0,0.0,E
307,342.0,438.0,326.0,353.0,338.0,353.0,303.0,426.0,419.0,376.0,276.0,319.0,346.0,357.0,276.0,246.0,254.71428571428572,271.1818181818182,175.05882352941177,296.2352941176471,126.17346938775512,215.78571428571428,0.0,0.0,0.0,E
265,296.0,296.0,265.0,426.0,442.0,307.0,369.0,296.0,292.0,165.0,211.0,146.0,284.0,319.0,303.0,257.0,253.0,261.0,170.6470588235294,297.5882352941177,123.9387755102041,215.70714285714286,0.0,0.0,0.0,E
361,342.0,361.0,307.0,346.0,369.0,319.0,384.0,169.0,292.0,338.0,253.0,253.0,173.0,303.0,317.3333333333333,289.0,258.75,287.0,166.23529411764704,298.94117647058823,121.70408163265307,215.62857142857143,0.0,0.0,0.0,E
223,303.0,223.0,157.0,303.0,211.0,215.0,184.0,303.0,269.0,284.0,246.0,334.0,311.0,338.0,331.6666666666667,321.0,264.5,313.0,161.8235294117647,300.29411764705884,119.46938775510205,215.55,0.0,0.0,0.0,E
257,315.0,303.0,419.0,338.0,273.0,176.0,257.0,203.0,446.0,307.0,323.0,307.0,257.0,284.0,346.0,353.0,270.25,339.0,157.41176470588235,301.6470588235294,117.23469387755102,215.47142857142856,0.0,0.0,0.0,E
261,392.0,373.0,242.0,365.0,326.0,334.0,276.0,265.0,334.0,303.0,365.0,219.0,484.0,311.0,396.0,369.0,276.0,365.0,153.0,303.0,115.0,215.39285714285714,0.0,0.0,0.0,E
357,323.0,242.0,484.0,334.0,261.0,369.0,419.0,261.0,119.0,215.0,142.0,346.0,157.0,288.0,357.0,407.0,461.0,346.0,133.8,271.6,118.8,215.31428571428572,0.0,0.0,0.0,E
238,296.0,242.0,457.0,476.0,288.0,342.0,292.0,261.0,423.0,303.0,426.0,294.6666666666667,203.33333333333334,327.6666666666667,340.3333333333333,395.6666666666667,382.25,262.25,114.6,240.2,122.6,215.2357142857143,0.0,0.0,0.0,E
234,126.0,46.0,234.0,234.0,123.0,165.0,153.0,115.0,246.0,234.0,353.0,243.33333333333331,249.66666666666669,367.3333333333333,323.6666666666667,384.3333333333333,303.5,178.5,95.4,208.8,126.4,215.15714285714284,0.0,0.0,0.0,E
476,403.0,296.0,438.0,365.0,415.0,376.0,334.0,334.0,415.0,307.0,326.0,192.0,296.0,407.0,307.0,373.0,224.75,94.75,76.2,177.4,130.2,215.07857142857142,0.0,0.0,0.0,E
257,284.0,84.0,176.0,76.0,196.0,15.0,219.0,111.0,326.0,184.0,342.0,426.0,469.0,319.0,346.0,165.0,146.0,11.0,57.0,146.0,134.0,215.0,188.0,173.0,165.0,E
369,376.0,496.0,438.0,426.0,396.0,411.0,319.0,396.0,319.0,473.0,411.0,411.0,326.0,294.0,324.5,245.5,226.5,176.5,166.5,146.0,134.0,215.0,188.0,173.0,165.0,E
234,196.0,269.0,173.0,223.0,157.0,273.0,257.0,353.0,238.0,226.0,203.0,392.0,346.0,269.0,303.0,326.0,307.0,342.0,276.0,146.0,134.0,215.0,188.0,173.0,165.0,E
457,376.0,392.0,284.0,338.0,353.0,376.0,319.0,238.0,219.0,415.0,315.0,276.0,234.0,284.0,257.0,173.0,334.0,261.0,276.0,146.0,134.0,215.0,188.0,173.0,165.0,E
411,373.0,276.0,419.0,346.0,334.0,242.0,315.0,315.0,419.0,392.0,265.0,292.0,273.0,315.0,249.77777777777777,178.55555555555554,336.0,261.0,276.0,146.0,134.0,215.0,188.0,173.0,165.0,E
234,238.0,307.0,369.0,403.0,365.0,419.0,492.0,426.0,438.0,292.0,353.0,306.0,301.0,302.0,242.55555555555554,184.11111111111111,338.0,261.0,276.0,146.0,134.0,215.0,188.0,173.0,165.0,E
284,365.0,246.0,338.0,311.0,311.0,296.0,438.0,173.0,469.0,392.0,318.5,320.0,329.0,289.0,235.33333333333334,189.66666666666666,340.0,261.0,276.0,146.0,134.0,215.0,188.0,173.0,165.0,E
165,238.0,265.0,203.0,257.0,238.0,146.0,134.0,223.0,257.0,346.0,284.0,334.0,357.0,276.0,228.11111111111111,195.22222222222223,342.0,261.0,276.0,146.0,134.0,215.0,188.0,173.0,165.0,E
246,342.0,246.0,192.0,369.0,403.0,338.0,438.0,419.0,205.66666666666666,261.3333333333333,211.0,298.0,344.3333333333333,299.3333333333333,220.88888888888889,200.77777777777777,344.0,261.0,276.0,146.0,134.0,215.0,188.0,173.0,165.0,E
246,19.0,84.0,65.0,96.0,119.0,238.0,169.0,203.0,154.33333333333331,176.66666666666666,138.0,262.0,331.6666666666667,322.6666666666667,213.66666666666666,206.33333333333331,346.0,261.0,276.0,146.0,134.0,215.0,188.0,173.0,165.0,E
26,61.0,96.0,84.0,19.0,53.0,238.0,211.0,273.0,103.0,92.0,65.0,226.0,319.0,346.0,206.44444444444446,211.88888888888889,348.0,261.0,276.0,146.0,134.0,215.0,188.0,173.0,165.0,E
196,223.0,276.0,211.0,238.0,303.0,288.0,296.0,269.0,276.0,342.0,265.0,288.0,223.0,211.0,199.22222222222223,217.44444444444446,350.0,261.0,276.0,146.0,134.0,215.0,188.0,173.0,165.0,E
142,196.0,311.0,292.0,226.0,203.0,284.0,292.0,365.0,311.0,315.0,365.0,319.0,257.0,153.0,192.0,223.0,352.0,261.0,276.0,146.0,134.0,215.0,188.0,173.0,165.0,E
319,203.0,403.0,326.0,488.0,284.0,319.0,342.0,311.0,265.0,246.0,157.0,361.0,161.0,361.0,165.0,229.38888888888889,354.0,261.0,276.0,146.0,134.0,215.0,188.0,173.0,165.0,E
392,426.0,334.0,376.0,276.0,369.0,353.0,342.0,415.0,288.0,423.0,403.0,353.0,273.0,288.0,138.0,235.77777777777777,356.0,261.0,276.0,146.0,134.0,215.0,188.0,173.0,165.0,E
284,346.0,434.0,373.0,203.0,269.0,269.0,288.0,419.0,415.0,411.0,461.0,496.0,426.0,207.0,234.0,242.16666666666666,358.0,261.0,276.0,146.0,134.0,215.0,188.0,173.0,165.0,E
323,353.0,442.0,296.0,361.0,161.0,376.0,438.0,384.0,423.0,365.0,357.0,446.0,384.0,338.0,234.88888888888889,248.55555555555554,360.0,261.0,276.0,146.0,134.0,215.0,188.0,173.0,165.0,E
253,261.0,215.0,284.0,426.0,342.0,369.0,311.0,473.0,392.0,461.0,434.0,361.0,246.0,423.0,235.77777777777777,254.94444444444446,362.0,261.0,276.0,146.0,134.0,215.0,188.0,173.0,165.0,E
238,292.0,111.0,196.0,153.0,311.0,219.0,353.0,403.0,292.0,303.0,238.0,334.0,307.0,319.0,236.66666666666666,261.3333333333333,364.0,261.0,276.0,146.0,134.0,215.0,188.0,173.0,165.0,E
215,319.0,273.0,334.0,242.0,196.0,196.0,38.0,292.0,88.0,265.0,365.0,261.0,123.0,42.0,237.55555555555554,267.72222222222223,366.0,261.0,276.0,146.0,134.0,215.0,188.0,173.0,165.0,E
284,419.0,338.0,319.0,238.0,192.0,134.0,173.0,157.0,338.0,311.0,403.0,446.0,155.2,65.8,238.44444444444446,274.1111111111111,368.0,261.0,276.0,146.0,134.0,215.0,188.0,173.0,165.0,E
234,242.0,284.0,242.0,315.0,446.0,338.0,392.0,407.0,288.0,192.0,338.0,438.0,187.4,89.6,239.33333333333334,280.5,370.0,261.0,276.0,146.0,134.0,215.0,188.0,173.0,165.0,E
469,442.0,473.0,326.0,353.0,461.0,465.0,213.0,309.0,311.0,243.33333333333334,348.3333333333333,404.6666666666667,219.60000000000002,113.4,240.22222222222223,286.8888888888889,372.0,261.0,276.0,146.0,134.0,215.0,188.0,173.0,165.0,E
365,184.0,226.0,111.0,57.0,69.0,15.0,34.0,211.0,334.0,294.6666666666667,358.6666666666667,371.3333333333333,251.8,137.2,241.11111111111111,293.27777777777777,374.0,261.0,276.0,146.0,134.0,215.0,188.0,173.0,165.0,E
392,461.0,476.0,423.0,403.0,457.0,438.0,357.0,373.0,357.0,346.0,369.0,338.0,284.0,161.0,242.0,299.6666666666667,376.0,261.0,276.0,146.0,134.0,215.0,188.0,173.0,165.0,E
338,415.0,373.0,253.0,303.0,265.0,346.0,273.0,323.0,261.0,334.0,211.0,265.0,253.0,338.0,294.0,306.05555555555554,378.0,261.0,276.0,146.0,134.0,215.0,188.0,173.0,165.0,E
457,461.0,442.0,353.0,365.0,365.0,338.0,392.0,219.0,261.0,269.0,326.0,269.0,296.0,411.0,346.0,312.44444444444446,380.0,261.0,276.0,146.0,134.0,215.0,188.0,173.0,165.0,E
242,326.0,334.0,323.0,307.0,173.0,115.0,123.0,103.0,69.0,138.0,311.0,263.0,271.0,334.0,319.0,318.83333333333337,382.0,261.0,276.0,146.0,134.0,215.0,188.0,173.0,165.0,E
169,211.0,119.0,192.0,307.0,376.0,403.0,426.0,473.0,376.0,284.0,296.0,257.0,246.0,257.0,292.0,325.22222222222223,384.0,261.0,276.0,146.0,134.0,215.0,188.0,173.0,165.0,E
211,153.0,153.0,269.0,242.0,292.0,196.0,223.0,311.0,211.0,219.0,203.0,223.0,219.0,323.0,265.0,331.6111111111111,386.0,261.0,276.0,146.0,134.0,215.0,188.0,173.0,165.0,E
334,361.0,361.0,346.0,338.0,273.0,334.0,307.0,434.0,415.0,307.0,296.0,173.0,219.0,276.0,238.0,338.0,388.0,261.0,276.0,146.0,134.0,215.0,188.0,173.0,165.0,E
276,203.0,238.0,207.0,219.0,292.0,169.0,261.0,238.0,242.0,188.0,142.0,196.0,176.0,242.0,307.0,257.0,388.0,261.0,276.0,146.0,134.0,215.0,188.0,173.0,165.0,E
303,226.0,207.0,257.0,357.0,311.0,273.0,296.0,338.0,373.0,238.0,246.0,269.0,215.0,238.0,301.5,322.5,388.0,261.0,276.0,146.0,134.0,215.0,188.0,173.0,165.0,E
284,296.0,438.0,384.0,307.0,388.0,226.0,311.0,211.0,226.0,288.0,411.0,315.0,276.0,284.0,296.0,388.0,388.0,261.0,276.0,146.0,134.0,215.0,188.0,173.0,165.0,E
288,319.0,403.0,373.0,388.0,296.0,284.0,176.0,253.0,157.0,307.0,223.0,319.0,176.0,373.0,326.0,372.6666666666667,388.0,261.0,276.0,146.0,134.0,215.0,188.0,173.0,165.0,E
342,426.0,438.0,357.0,419.0,419.0,446.0,307.0,288.0,346.0,353.0,149.5,207.5,109.0,274.5,226.0,357.3333333333333,388.0,261.0,276.0,146.0,134.0,215.0,188.0,173.0,165.0,E
388,265.0,157.0,146.0,207.0,226.0,311.0,273.0,326.0,207.0,257.0,76.0,96.0,42.0,176.0,126.0,342.0,388.0,261.0,276.0,146.0,134.0,215.0,188.0,173.0,165.0,E
253,273.0,188.0,169.0,342.0,384.0,311.0,319.0,273.0,334.0,426.0,219.0,192.0,111.0,165.0,26.0,326.6666666666667,388.0,261.0,276.0,146.0,134.0,215.0,188.0,173.0,165.0,E
419,353.0,342.0,253.0,346.0,307.0,269.0,365.0,242.0,411.0,315.0,403.0,346.0,326.0,103.0,199.5,311.3333333333333,388.0,261.0,276.0,146.0,134.0,215.0,188.0,173.0,165.0,E
207,369.0,276.0,346.0,219.0,261.0,261.0,461.0,288.0,373.0,426.0,311.0,392.0,311.0,434.0,373.0,296.0,388.0,261.0,276.0,146.0,134.0,215.0,188.0,173.0,165.0,E
119,215.0,84.0,15.0,257.0,315.0,461.0,419.0,446.0,319.0,286.0,284.0,376.5,322.5,424.5,313.0,278.5,388.0,261.0,276.0,146.0,134.0,215.0,188.0,173.0,165.0,E
146,161.0,65.0,215.0,142.0,253.0,253.0,296.0,173.0,265.0,146.0,257.0,361.0,334.0,415.0,253.0,261.0,388.0,261.0,276.0,146.0,134.0,215.0,188.0,173.0,165.0,E
288,319.0,296.0,384.0,319.0,238.0,142.0,226.0,46.0,134.0,111.0,207.0,192.0,369.0,457.0,388.0,261.0,388.0,261.0,276.0,146.0,134.0,215.0,188.0,173.0,165.0,E
388,219.0,419.0,296.0,373.0,276.0,196.0,69.0,215.0,146.0,296.0,338.0,453.0,469.0,303.0,388.0,261.0,388.0,261.0,276.0,146.0,134.0,215.0,188.0,173.0,165.0,E
484,303.0,338.0,419.0,315.0,396.0,323.0,276.0,273.0,396.0,484.0,396.0,386.0,465.0,303.0,388.0,261.0,388.0,261.0,276.0,146.0,134.0,215.0,188.0,173.0,165.0,E
234,253.0,323.0,188.0,257.0,153.0,365.0,346.0,342.0,315.0,384.0,453.0,319.0,461.0,303.0,388.0,261.0,388.0,261.0,276.0,146.0,134.0,215.0,188.0,173.0,165.0,E
