1,2,3,4,5,6,7,8,9,10,11,12,13,14,15,16,17,18,19,20,21,22,23,label
257,419,357.0,223.0,203.0,284.0,219.0,307.0,257.0,196.0,69.0,192.0,338.0,396.0,423.0,376.0,438.0,384.0,392.0,376.0,326.0,292.0,0.0,B
407,388,369.0,484.0,438.0,369.0,238.0,134.0,265.0,269.0,411.0,415.0,461.0,492.0,383.0,336.3333333333333,371.3333333333333,335.3333333333333,362.3333333333333,307.0,269.6666666666667,266.3333333333333,0.0,B
311,307,342.0,453.0,361.0,426.0,326.0,265.0,361.0,238.0,234.0,196.0,196.0,292.0,343.0,296.6666666666667,304.66666666666663,286.6666666666667,332.6666666666667,238.0,213.33333333333331,240.66666666666666,0.0,B
226,203,223.0,323.0,384.0,338.0,223.0,238.0,238.0,157.0,284.0,226.0,319.0,319.0,303.0,257.0,238.0,238.0,303.0,169.0,157.0,215.0,238.0,B
234,276,257.0,384.0,461.0,419.0,446.0,361.0,357.0,296.0,461.0,369.0,346.0,273.0,288.0,342.0,253.0,342.0,284.0,246.0,186.0,259.0,276.5,B
338,376,361.0,357.0,384.0,357.0,326.0,342.0,315.0,296.0,426.0,434.0,442.0,465.0,373.0,273.0,326.0,261.0,242.0,323.0,215.0,303.0,315.0,B
342,346,346.0,307.0,415.0,319.0,373.0,461.0,388.0,453.0,353.0,457.0,319.0,292.0,292.0,273.0,261.0,223.0,196.0,257.0,346.0,442.0,415.0,B
415,376,357.0,319.0,319.0,396.0,457.0,438.0,419.0,411.0,442.0,473.0,384.0,365.0,276.0,292.0,361.0,234.0,323.0,226.0,319.0,169.0,257.0,B
346,373,396.0,438.0,469.0,438.0,373.0,303.0,311.0,292.0,292.0,253.0,265.0,176.0,369.0,278.5,363.0,253.5,315.0,270.5,267.0,205.5,245.5,B
311,196,173.0,134.0,203.0,296.0,365.0,311.0,284.0,411.0,407.0,373.0,376.0,392.0,384.0,265.0,365.0,273.0,307.0,315.0,215.0,242.0,234.0,B
334,326,361.0,261.0,261.0,334.0,307.0,253.0,453.0,461.0,388.0,426.0,469.0,453.0,434.0,384.0,403.0,284.0,269.0,223.0,342.0,357.0,346.0,B
346,292,434.0,407.0,373.0,292.0,246.0,238.0,357.0,426.0,446.0,419.0,392.0,388.0,369.0,361.0,411.0,238.0,319.0,323.0,192.0,319.0,273.0,B
334,457,446.0,384.0,403.0,338.0,315.0,303.0,307.0,269.0,215.0,107.0,57.0,223.0,388.0,411.0,426.0,319.0,319.0,369.0,247.5,340.6666666666667,274.0,B
296,392,284.0,365.0,407.0,426.0,446.0,453.0,373.0,365.0,415.0,296.0,311.0,357.0,307.0,396.0,411.0,296.0,292.0,342.0,303.0,362.3333333333333,275.0,B
257,353,361.0,315.0,357.0,392.0,307.0,396.0,373.0,426.0,396.0,342.0,269.0,338.0,303.0,307.0,369.0,353.0,365.0,311.0,369.0,384.0,276.0,B
319,296,315.0,226.0,173.0,192.0,253.0,261.0,423.0,353.0,338.0,346.0,361.0,369.0,61.0,215.0,392.0,355.0,349.5,286.0,346.0,311.0,251.0,B
484,492,484.0,461.0,484.0,392.0,392.0,346.0,261.0,296.0,423.0,303.0,342.0,396.0,376.0,346.0,357.0,357.0,334.0,261.0,323.0,238.0,226.0,B
269,265,376.0,265.0,411.0,319.0,253.0,242.0,253.0,311.0,334.0,303.0,326.0,326.0,407.0,357.0,338.0,265.0,373.0,361.0,357.0,196.0,365.0,B
384,319,307.0,307.0,307.0,315.0,296.0,346.0,388.0,369.0,357.0,365.0,403.0,484.0,346.0,296.0,253.0,334.0,334.0,396.0,369.0,273.0,373.0,B
319,388,319.0,407.0,419.0,419.0,407.0,288.0,334.0,292.0,215.0,169.0,303.0,488.0,319.0,315.0,261.0,238.0,226.0,242.0,276.0,292.0,338.0,B
396,296,307.0,292.0,196.0,315.0,323.0,269.0,246.0,276.0,219.0,126.0,26.0,238.0,323.0,419.0,461.0,392.0,484.0,469.0,473.0,311.0,303.0,B
403,357,357.0,311.0,419.0,388.0,411.0,296.0,353.0,365.0,307.0,392.0,276.0,196.0,146.0,107.0,215.0,365.0,353.0,369.0,307.0,457.0,438.0,B
384,234,192.0,207.0,242.0,215.0,292.0,369.0,384.0,396.0,323.0,242.0,284.0,223.0,246.0,353.0,419.0,326.0,392.0,461.0,253.0,288.0,381.6666666666667,B
419,334,384.0,303.0,342.0,261.0,338.0,326.0,369.0,284.0,311.0,184.0,111.0,369.0,407.0,403.0,446.0,488.0,426.5,374.5,295.5,290.0,325.3333333333333,B
342,273,334.0,307.0,376.0,376.0,307.0,411.0,292.0,411.0,307.0,396.0,253.0,303.0,173.0,307.0,307.0,407.0,461.0,288.0,338.0,292.0,269.0,B
242,138,76.0,34.0,3.0,57.0,57.0,257.0,157.0,323.0,238.0,315.0,303.0,323.0,261.0,242.0,324.5,347.5,401.5,301.5,370.5,332.5,321.0,B
323,276,373.0,361.0,365.0,319.0,365.0,392.0,296.0,419.0,369.0,392.0,407.0,434.0,311.0,334.0,342.0,288.0,342.0,315.0,403.0,373.0,373.0,B
284,373,411.0,388.0,453.0,438.0,307.0,161.0,276.0,407.0,453.0,453.0,476.0,446.0,373.0,323.6666666666667,367.6666666666667,312.3333333333333,370.0,319.75,367.5,365.25,361.25,B
292,23,26.0,69.0,292.0,361.0,411.0,376.0,442.0,473.0,407.0,369.0,430.0,405.5,388.0,313.3333333333333,393.3333333333333,336.6666666666667,398.0,324.5,332.0,357.5,349.5,B
365,353,265.0,284.0,292.0,307.0,142.0,146.0,176.0,173.0,261.0,242.0,384.0,365.0,403.0,303.0,419.0,361.0,426.0,329.25,296.5,349.75,337.75,B
392,376,438.0,276.0,403.0,361.0,365.0,361.0,269.0,384.0,426.0,419.0,19.0,119.0,192.0,261.0,334.0,388.0,307.0,334.0,261.0,342.0,326.0,B
319,211,219.0,146.0,65.0,207.0,153.0,215.0,303.0,426.0,465.0,415.0,423.0,292.0,334.0,388.0,488.0,323.0,419.0,476.0,357.0,407.0,357.0,B
388,296,303.0,307.0,423.0,415.0,403.0,311.0,384.0,369.0,103.0,76.0,146.0,192.0,315.0,365.0,376.0,403.0,461.0,446.0,365.0,397.75,349.6666666666667,B
465,357,492.0,392.0,384.0,311.0,253.0,215.0,134.0,84.0,46.0,134.0,288.0,253.0,326.0,403.0,384.0,365.0,492.0,415.0,396.0,388.5,342.3333333333333,B
307,253,73.0,42.0,84.0,211.0,226.0,326.0,234.0,253.0,411.0,384.0,276.0,411.0,461.0,420.5,380.0,409.0,419.0,392.0,375.6,379.25,335.0,B
388,376,284.0,419.0,292.0,292.0,292.0,373.0,142.0,34.0,53.0,246.0,288.0,373.0,423.0,438.0,376.0,453.0,346.0,369.0,355.2,370.0,327.6666666666667,B
461,261,369.0,415.0,434.0,407.0,369.0,361.0,261.0,138.0,76.0,15.0,176.0,257.0,353.0,207.0,265.0,326.0,342.0,346.0,334.8,360.75,320.3333333333333,B
488,419,419.0,342.0,365.0,19.0,176.0,303.0,311.0,419.0,369.0,246.0,276.0,257.0,238.0,357.0,315.0,382.6666666666667,357.3333333333333,351.0,314.4,351.5,313.0,B
342,346,388.0,296.0,376.0,303.0,296.0,323.0,284.0,69.0,226.0,273.0,396.0,319.0,323.0,476.0,340.0,439.3333333333333,372.6666666666667,356.0,294.0,342.25,305.6666666666667,B
461,334,369.0,261.0,407.0,369.0,361.0,361.0,238.0,238.0,319.0,173.0,92.0,176.0,319.0,426.0,365.0,496.0,388.0,361.0,273.6,333.0,298.3333333333333,B
338,273,361.0,396.0,457.0,319.0,276.0,242.0,169.0,76.0,65.0,153.0,296.0,215.0,365.0,376.0,365.0,419.0,317.3333333333333,338.0,253.20000000000002,323.75,291.0,B
496,407,484.0,384.0,423.0,273.0,242.0,276.0,311.0,161.0,76.0,292.0,259.5,236.0,290.0,330.0,301.5,342.0,246.66666666666666,315.0,232.8,314.5,283.6666666666667,B
165,173,203.0,211.0,315.0,276.0,392.0,442.0,369.0,303.0,215.0,234.0,223.0,257.0,215.0,284.0,238.0,265.0,176.0,292.0,212.4,305.25,276.33333333333337,B
173,292,296.0,296.0,261.0,288.0,223.0,211.0,311.0,353.0,296.0,315.0,338.0,396.0,342.0,361.0,207.0,296.0,311.0,269.0,192.0,296.0,269.0,B
303,292,284.0,307.0,334.0,357.0,396.0,384.0,265.0,388.0,338.0,292.0,426.0,419.0,261.0,326.0,263.0,315.0,324.5,238.0,280.5,267.0,274.6666666666667,B
307,273,211.0,257.0,326.0,396.0,376.0,338.0,292.0,288.0,426.0,334.0,438.0,438.0,469.0,365.0,319.0,334.0,338.0,207.0,369.0,238.0,280.3333333333333,B
307,388,292.0,307.0,261.0,273.0,326.0,369.0,276.0,276.0,338.0,361.0,338.0,273.0,265.0,419.0,376.0,396.0,384.0,288.0,257.0,272.5,286.0,B
415,373,415.0,384.0,326.0,438.0,342.0,315.0,373.0,365.0,303.0,453.0,342.0,369.0,365.0,165.0,273.0,303.0,242.0,284.0,338.0,307.0,291.6666666666667,B
273,334,384.0,392.0,338.0,446.0,403.0,415.0,376.0,357.0,365.0,442.0,476.0,442.0,373.0,419.0,338.0,269.0,303.0,307.0,317.0,290.0,297.3333333333333,B
315,273,315.0,353.0,288.0,369.0,376.0,357.0,419.0,342.0,353.0,284.0,407.0,419.0,446.0,488.0,423.0,296.0,392.0,338.0,296.0,273.0,303.0,B
238,284,284.0,276.0,365.0,373.0,357.0,292.0,365.0,373.0,365.0,469.0,373.0,434.0,315.0,234.0,323.0,342.0,373.0,326.0,276.0,284.0,332.0,B
319,311,315.0,396.0,307.0,388.0,369.0,403.0,376.0,384.0,496.0,403.0,442.0,426.0,361.0,365.0,388.0,365.0,353.0,323.0,303.0,346.0,361.0,B
265,346,369.0,403.0,446.0,469.0,442.0,457.0,342.0,446.0,392.0,473.0,453.0,407.0,415.0,376.0,338.0,292.0,332.0,342.0,297.5,357.5,336.0,B
334,334,334.0,323.0,284.0,353.0,326.0,346.0,369.0,326.0,365.0,353.0,473.0,438.0,315.0,246.0,284.0,276.0,311.0,361.0,292.0,369.0,311.0,B
323,196,303.0,238.0,307.0,288.0,342.0,369.0,319.0,457.0,353.0,469.0,373.0,469.0,323.0,373.0,415.0,411.0,423.0,384.0,315.0,353.0,303.3333333333333,B
442,346,334.0,423.0,415.0,346.0,342.0,411.0,373.0,388.0,388.0,373.0,311.0,265.0,196.0,223.0,153.0,153.0,196.0,353.5,340.0,299.5,295.6666666666667,B
265,307,292.0,338.0,338.0,388.0,338.0,411.0,338.0,469.0,392.0,365.0,319.0,415.0,392.0,415.0,369.0,423.0,357.0,323.0,365.0,246.0,288.0,B
396,457,357.0,446.0,346.0,442.0,334.0,361.0,273.0,261.0,288.0,419.0,446.0,461.0,469.0,346.0,361.0,323.0,253.0,326.0,373.0,253.0,323.0,B
338,319,361.0,361.0,369.0,334.0,357.0,426.0,361.0,415.0,376.0,419.0,265.0,303.0,326.0,265.0,253.0,323.0,261.0,288.0,269.0,157.0,188.0,B
257,261,288.0,265.0,446.0,311.0,392.0,373.0,376.0,311.0,365.0,296.0,384.0,338.0,426.0,453.0,438.0,369.0,357.0,319.0,361.0,288.0,365.0,B
215,215,296.0,326.0,407.0,361.0,326.0,415.0,342.0,473.0,438.0,319.0,357.0,353.0,307.0,173.0,196.0,169.0,261.0,311.0,203.0,257.0,347.0,B
407,307,253.0,269.0,403.0,357.0,461.0,276.0,269.0,442.0,384.0,365.0,323.0,376.0,257.0,392.0,373.0,251.5,338.0,363.0,280.0,222.5,329.0,B
415,323,303.0,307.0,342.0,361.0,334.0,342.0,396.0,373.0,426.0,334.0,334.0,326.0,315.0,357.0,396.0,334.0,415.0,415.0,357.0,188.0,311.0,B
426,346,334.0,315.0,338.0,434.0,357.0,334.0,338.0,346.0,442.0,353.0,392.0,388.0,403.0,453.0,415.0,276.0,357.0,365.0,292.0,238.0,334.0,B
265,338,326.0,334.0,246.0,353.0,311.0,342.0,342.0,261.0,315.0,311.0,361.0,376.0,419.0,415.0,415.0,338.0,353.0,407.0,357.0,257.0,269.0,B
403,438,238.0,253.0,153.0,207.0,188.0,396.0,369.0,323.0,338.0,303.0,319.0,323.0,215.0,257.0,292.0,338.0,296.0,385.3333333333333,346.6666666666667,268.6666666666667,276.6666666666667,B
338,303,342.0,373.0,353.0,288.0,319.0,273.0,196.0,176.0,246.0,207.0,165.0,196.0,223.0,319.0,261.0,353.0,323.0,363.6666666666667,336.3333333333333,280.3333333333333,284.3333333333333,B
276,426,376.0,461.0,376.0,303.0,334.0,284.0,319.0,184.0,173.0,242.0,303.0,353.0,369.0,326.0,434.0,338.0,334.0,342.0,326.0,292.0,292.0,B
326,253,342.0,296.0,369.0,361.0,407.0,396.0,326.0,273.0,234.0,296.0,276.0,392.0,407.0,373.0,334.0,307.0,288.0,346.0,253.0,307.0,342.0,B
357,357,323.0,365.0,353.0,384.0,284.0,411.0,357.0,273.0,242.0,334.0,438.0,392.0,369.0,388.0,288.0,242.0,323.0,334.0,442.0,384.0,426.0,B
261,353,342.0,319.0,365.0,376.0,334.0,292.0,253.0,419.0,353.0,396.0,353.0,357.0,365.0,388.0,384.0,346.0,265.0,373.0,361.0,376.0,326.0,B
346,353,338.0,426.0,292.0,334.0,303.0,415.0,384.0,438.0,384.0,311.0,346.0,434.0,415.0,376.0,269.0,265.0,326.0,315.0,396.0,357.0,169.0,B
376,365,403.0,292.0,361.0,426.0,307.0,415.0,396.0,292.0,273.0,192.0,238.0,357.0,357.0,365.0,373.0,361.0,442.0,311.0,367.0,348.7857142857143,174.0344827586207,B
323,369,388.0,415.0,423.0,376.0,453.0,426.0,469.0,373.0,373.0,261.0,369.0,315.0,288.0,334.0,361.0,403.0,292.0,307.0,338.0,340.57142857142856,179.06896551724137,B
376,338,296.0,342.0,353.0,323.0,303.0,334.0,323.0,376.0,403.0,284.0,338.0,461.0,446.0,426.0,373.0,419.0,396.0,297.5,324.5,332.3571428571429,184.10344827586206,B
411,384,365.0,373.0,434.0,426.0,373.0,361.0,284.0,411.0,338.0,353.0,342.0,326.0,346.0,273.0,246.0,334.0,369.0,288.0,311.0,324.14285714285717,189.13793103448276,B
273,334,376.0,426.0,326.0,311.0,319.0,292.0,334.0,315.0,338.0,392.0,411.0,373.0,361.0,311.0,426.0,376.0,269.0,392.0,304.5,315.92857142857144,194.17241379310346,B
296,173,146.0,123.0,265.0,176.0,219.0,238.0,323.0,296.0,338.0,338.0,326.0,307.0,161.0,134.0,169.0,226.0,219.0,309.0,298.0,307.7142857142857,199.20689655172413,B
246,261,288.0,307.0,296.0,196.0,292.0,253.0,269.0,292.0,353.0,376.0,361.0,353.0,357.0,257.0,207.0,257.0,253.0,226.0,291.5,299.5,204.24137931034483,B
315,307,296.0,303.0,257.0,292.0,253.0,169.0,234.0,276.0,211.0,219.0,288.0,257.0,284.0,188.0,307.0,246.0,234.0,261.0,285.0,291.2857142857143,209.27586206896552,B
234,323,311.0,346.0,357.0,315.0,303.0,292.0,361.0,361.0,269.0,242.0,196.0,169.0,188.0,242.0,238.0,296.0,269.0,196.0,278.5,283.07142857142856,214.31034482758622,B
311,326,334.0,323.0,288.0,284.0,292.0,273.0,273.0,246.0,396.0,257.0,346.0,307.0,334.0,323.0,311.0,161.0,257.0,257.0,272.0,274.8571428571429,219.3448275862069,B
315,315,276.0,346.0,265.0,296.0,311.0,373.0,276.0,303.0,253.0,346.0,238.0,361.0,311.0,265.0,311.0,357.0,211.0,256.0,265.5,266.64285714285717,224.3793103448276,B
353,284,392.0,246.0,342.0,319.0,388.0,234.0,361.0,184.0,284.0,257.0,326.0,265.0,353.0,261.0,269.0,338.0,276.0,255.0,259.0,258.42857142857144,229.41379310344826,B
273,334,284.0,342.0,342.0,338.0,292.0,265.0,411.0,261.0,369.0,288.0,261.0,234.0,334.0,215.0,303.5,278.5,247.5,254.0,252.5,250.21428571428572,234.44827586206895,B
207,196,357.0,276.0,238.0,238.0,361.0,346.0,369.0,223.0,323.0,346.0,353.0,234.0,261.0,169.0,338.0,219.0,219.0,253.0,246.0,242.0,239.48275862068965,B
315,269,346.0,361.0,361.0,246.0,388.0,342.0,342.0,265.0,261.0,203.0,273.0,388.0,365.0,223.0,299.5,261.0,222.5,251.53846153846155,255.46666666666667,247.6,244.51724137931035,B
315,419,334.0,303.0,176.0,165.0,296.0,323.0,346.0,269.0,288.0,284.0,273.0,288.0,261.0,242.0,261.0,303.0,226.0,250.07692307692307,264.93333333333334,253.2,249.55172413793105,B
315,384,423.0,384.0,311.0,492.0,415.0,373.0,361.0,257.0,242.0,207.0,196.0,276.0,165.0,233.0,252.0,280.0,217.66666666666666,248.6153846153846,274.4,258.8,254.58620689655172,B
384,276,146.0,26.0,88.0,96.0,165.0,184.0,165.0,288.0,223.0,234.0,203.0,169.0,303.0,224.0,243.0,257.0,209.33333333333334,247.15384615384616,283.8666666666667,264.4,259.62068965517244,B
265,246,257.0,303.0,319.0,346.0,226.0,307.0,257.0,315.0,342.0,303.0,238.0,242.0,253.0,215.0,234.0,234.0,201.0,245.69230769230768,293.3333333333333,270.0,264.6551724137931,B
261,242,242.0,288.0,338.0,376.0,288.0,319.0,234.0,223.0,215.0,265.0,265.0,246.0,265.0,326.0,269.0,273.6666666666667,192.66666666666666,244.23076923076923,302.8,275.6,269.6896551724138,B
342,376,311.0,373.0,226.0,246.0,315.0,261.0,373.0,303.0,207.0,157.0,261.0,207.0,296.0,176.0,307.0,313.3333333333333,184.33333333333331,242.76923076923077,312.26666666666665,281.2,274.7241379310345,B
388,338,434.0,276.0,292.0,265.0,323.0,176.0,234.0,276.0,353.0,288.0,369.0,315.0,323.0,261.0,288.0,353.0,176.0,241.30769230769232,321.73333333333335,286.8,279.7586206896552,B
226,407,392.0,342.0,303.0,265.0,226.0,288.0,311.0,411.0,246.0,338.0,265.0,319.0,215.0,269.0,276.0,373.0,177.6,239.84615384615384,331.2,292.4,284.7931034482759,B
334,261,338.0,242.0,323.0,284.0,226.0,319.0,253.0,223.0,238.0,207.0,353.0,273.0,319.0,257.0,303.0,211.0,179.2,238.3846153846154,340.6666666666667,298.0,289.8275862068965,B
207,373,273.0,361.0,346.0,211.0,265.0,115.0,253.0,261.0,261.0,288.0,269.0,265.0,292.0,192.0,267.3333333333333,197.0,180.8,236.92307692307693,350.1333333333333,303.6,294.8620689655172,B
442,334,319.0,419.0,292.0,196.0,376.0,365.0,376.0,276.0,284.0,169.0,184.0,161.0,207.0,219.0,231.66666666666669,183.0,182.4,235.46153846153845,359.6,309.2,299.8965517241379,B
365,269,223.0,261.0,257.0,219.0,157.0,184.0,342.0,223.0,265.0,161.0,196.0,215.0,242.0,192.0,196.0,169.0,184.0,234.0,369.06666666666666,314.8,304.9310344827586,B
311,338,346.0,407.0,415.0,376.0,353.0,276.0,246.0,123.0,92.0,3.0,265.0,373.0,442.0,342.0,411.0,288.0,265.0,284.0,378.5333333333333,320.4,309.9655172413793,B
265,407,242.0,288.0,423.0,376.0,265.0,211.0,3.0,96.0,219.0,334.0,392.0,392.0,407.0,403.0,446.0,365.0,403.0,326.0,388.0,326.0,315.0,B
419,273,261.0,303.0,253.0,234.0,246.0,153.0,196.0,188.0,253.0,257.0,288.0,234.0,242.0,246.0,238.0,284.0,354.3333333333333,353.0,389.3333333333333,311.2857142857143,301.85714285714283,B
292,223,88.0,61.0,157.0,273.0,361.0,319.0,403.0,326.0,203.0,276.0,276.0,301.5,213.0,246.0,255.5,340.0,305.6666666666667,380.0,390.6666666666667,296.57142857142856,288.7142857142857,B
265,369,338.0,273.0,253.0,315.0,357.0,176.0,226.0,123.0,115.0,226.0,246.0,369.0,184.0,246.0,273.0,396.0,257.0,407.0,392.0,281.8571428571429,275.57142857142856,B
388,407,396.0,419.0,338.0,276.0,288.0,242.0,169.0,65.0,396.0,357.0,453.0,361.0,373.0,237.0,273.0,356.5,254.25,384.0,367.0,267.14285714285717,262.42857142857144,B
419,257,219.0,223.0,219.0,245.5,236.0,240.0,171.0,192.0,305.5,316.5,345.5,309.0,324.5,228.0,273.0,317.0,251.5,361.0,342.0,252.42857142857144,249.28571428571428,B
434,488,296.0,246.0,226.0,215.0,184.0,238.0,173.0,319.0,215.0,276.0,238.0,257.0,276.0,219.0,273.0,277.5,248.75,338.0,317.0,237.71428571428572,236.14285714285714,B
238,238,346.0,288.0,296.0,134.0,196.0,173.0,215.0,273.0,315.0,253.0,246.0,238.0,334.0,215.0,284.0,238.0,246.0,315.0,292.0,223.0,223.0,B
357,388,323.0,276.0,369.0,246.0,288.0,292.0,296.0,184.0,142.0,169.0,184.0,261.0,192.0,326.0,288.0,338.0,257.0,338.0,346.0,225.875,225.72727272727272,B
426,426,476.0,284.0,384.0,307.0,246.0,384.0,307.0,353.0,269.0,246.0,111.0,207.0,265.0,246.0,257.0,142.0,319.0,173.0,335.57142857142856,228.75,228.45454545454547,B
307,346,265.0,319.0,311.0,257.0,188.0,319.0,219.0,234.0,246.0,238.0,323.0,173.0,257.0,292.0,253.0,211.0,253.0,188.0,325.14285714285717,231.625,231.1818181818182,B
384,265,284.0,246.0,369.0,292.0,369.0,311.0,373.0,242.0,296.0,269.0,257.0,203.0,284.0,303.0,284.0,296.0,338.0,203.0,314.7142857142857,234.5,233.9090909090909,B
384,338,311.0,419.0,284.0,338.0,311.0,207.0,307.0,219.0,226.0,234.0,342.0,311.0,211.0,273.0,342.0,265.0,326.0,219.0,304.2857142857143,237.375,236.63636363636363,B
288,423,273.0,161.0,292.0,238.0,319.0,219.0,146.0,73.0,196.0,292.0,334.0,223.0,246.0,361.0,353.0,373.0,287.6666666666667,254.66666666666666,293.85714285714283,240.25,239.36363636363637,B
453,446,365.0,192.0,123.0,115.0,65.0,92.0,119.0,261.0,269.0,215.0,161.0,253.0,342.0,138.0,280.0,265.0,249.33333333333331,290.3333333333333,283.42857142857144,243.125,242.0909090909091,B
234,296,207.0,315.0,288.0,223.0,157.0,196.0,184.0,219.0,292.0,292.0,319.0,292.0,211.0,238.0,207.0,157.0,211.0,326.0,273.0,246.0,244.8181818181818,B
288,338,361.0,303.0,342.0,226.0,319.0,226.0,369.0,276.0,284.0,223.0,284.0,257.0,338.0,296.0,196.0,242.0,247.5,268.5,290.0,269.0,247.54545454545453,B
315,353,357.0,376.0,353.0,365.0,276.0,192.0,238.0,234.0,238.0,265.0,288.0,373.0,303.0,296.0,303.0,257.0,284.0,211.0,307.0,292.0,250.27272727272728,B
288,211,323.0,269.0,469.0,269.0,326.0,388.0,234.0,226.0,161.0,142.0,246.0,219.0,246.0,326.0,307.0,276.0,334.0,323.0,276.0,315.0,253.0,B
303,273,307.0,288.0,265.0,326.0,265.0,296.0,315.0,269.0,246.0,234.0,234.0,334.0,338.0,292.0,288.0,334.0,311.0,223.0,226.0,292.0,237.66666666666666,B
319,334,342.0,361.0,315.0,384.0,253.0,238.0,188.0,242.0,273.0,261.0,246.0,288.0,196.0,238.0,307.0,324.5,286.0,259.5,214.5,269.0,222.33333333333334,B
215,253,292.0,388.0,403.0,311.0,292.0,307.0,296.0,273.0,234.0,238.0,265.0,269.0,261.0,234.0,207.0,315.0,261.0,296.0,203.0,246.0,207.0,B
292,292,253.0,211.0,219.0,273.0,273.0,161.0,219.0,315.0,207.0,242.0,319.0,319.0,384.0,265.0,209.0,270.5,222.5,240.0,224.5,258.8333333333333,236.5,B
257,326,276.0,342.0,323.0,257.0,223.0,242.0,357.0,311.0,184.0,265.0,192.0,307.0,253.0,342.0,211.0,226.0,184.0,184.0,246.0,271.6666666666667,266.0,B
292,261,261.0,196.0,269.0,261.0,211.0,315.0,242.0,234.0,276.0,296.0,307.0,242.0,226.0,234.0,288.0,246.66666666666666,214.66666666666666,226.33333333333334,277.75,284.5,295.5,B
273,215,311.0,284.0,219.0,319.0,376.0,446.0,353.0,269.0,226.0,269.0,176.0,161.0,215.0,284.0,276.5,267.3333333333333,245.33333333333334,268.6666666666667,309.5,297.3333333333333,325.0,B
211,292,292.0,342.0,273.0,346.0,234.0,261.0,338.0,334.0,269.0,311.0,261.0,226.0,234.0,334.0,265.0,288.0,276.0,311.0,341.25,310.1666666666667,354.5,B
253,311,319.0,376.0,465.0,438.0,376.0,407.0,407.0,476.0,465.0,376.0,376.0,319.0,342.0,307.0,415.0,303.0,265.0,273.0,373.0,323.0,384.0,B
161,303,319.0,238.0,292.0,307.0,242.0,465.0,453.0,392.0,388.0,438.0,426.0,442.0,438.0,338.0,390.0,355.0,334.0,284.5,292.0,294.0,368.22222222222223,B
226,234,276.0,253.0,223.0,276.0,434.0,488.0,411.0,373.0,353.0,346.0,269.0,188.0,303.0,384.0,365.0,407.0,403.0,296.0,211.0,265.0,352.44444444444446,B
192,261,315.0,188.0,215.0,269.0,184.0,346.0,403.0,465.0,438.0,357.0,369.0,261.0,276.0,157.0,211.0,184.0,188.0,269.0,176.5,236.0,336.6666666666667,B
215,184,184.0,292.0,261.0,315.0,246.0,253.0,323.0,342.0,203.0,311.0,261.0,276.0,265.0,307.0,292.0,292.0,253.0,215.0,142.0,207.0,320.8888888888889,B
226,319,346.0,388.0,273.0,246.0,292.0,253.0,215.0,303.0,361.0,246.0,365.0,346.0,361.0,223.0,284.0,257.0,146.0,338.0,192.0,220.2,305.1111111111111,B
269,392,284.0,373.0,288.0,411.0,288.0,338.0,257.0,419.0,373.0,273.0,373.0,188.0,311.0,257.0,388.0,261.0,365.0,261.0,242.0,233.4,289.3333333333333,B
276,346,326.0,276.0,319.0,219.0,246.0,292.0,326.0,273.0,273.0,265.0,334.0,265.0,334.0,265.0,369.0,203.0,307.0,196.0,315.0,246.6,273.55555555555554,B
261,246,257.0,269.0,196.0,311.0,203.0,326.0,226.0,265.0,284.0,246.0,326.0,353.0,357.0,365.0,297.5,245.5,265.0,228.5,251.5,259.8,257.77777777777777,B
257,203,276.0,238.0,246.0,273.0,261.0,188.0,223.0,215.0,319.0,288.0,307.0,376.0,334.0,292.0,226.0,288.0,223.0,261.0,188.0,273.0,242.0,B
346,438,465.0,334.0,342.0,326.0,315.0,292.0,388.0,273.0,261.0,284.0,311.0,342.0,296.0,269.0,246.0,223.0,215.0,226.0,273.0,270.7142857142857,242.0,B
303,284,207.0,173.0,169.0,169.0,284.0,338.0,273.0,246.0,323.0,311.0,334.0,346.0,334.0,388.0,334.0,326.0,307.0,303.0,261.0,268.42857142857144,242.0,B
392,319,353.0,369.0,423.0,323.0,223.0,319.0,307.0,273.0,288.0,161.0,176.0,211.0,253.0,253.0,284.0,292.0,273.0,319.0,234.0,266.14285714285717,242.0,B
446,442,334.0,188.0,257.0,184.0,246.0,38.0,342.0,365.0,257.0,161.0,218.5,240.0,249.5,274.5,270.5,278.5,267.0,278.5,228.5,263.85714285714283,242.0,B
434,246,246.0,246.0,169.0,126.0,284.0,246.0,246.0,269.0,226.0,161.0,261.0,269.0,246.0,296.0,257.0,265.0,261.0,238.0,223.0,261.57142857142856,242.0,B
288,265,242.0,311.0,319.0,392.0,234.0,173.0,346.0,111.0,107.0,111.0,138.0,226.0,319.0,269.0,346.0,342.0,423.0,288.0,263.0,259.2857142857143,242.0,B
373,407,373.0,253.0,296.0,257.0,273.0,223.0,311.0,353.0,169.0,215.0,265.0,273.0,292.0,292.0,307.0,384.0,384.0,338.0,303.0,257.0,242.0,B
203,326,273.0,319.0,334.0,323.0,261.0,246.0,261.0,242.0,338.0,353.0,384.0,319.0,334.0,238.0,238.0,326.0,326.0,388.0,339.5,264.6666666666667,252.83333333333334,B
292,303,319.0,192.0,234.0,192.0,203.0,257.0,238.0,253.0,223.0,288.0,296.0,253.0,269.0,215.0,176.0,361.0,223.0,365.0,376.0,272.3333333333333,263.6666666666667,B
446,346,361.0,276.0,338.0,203.0,265.0,246.0,419.0,265.0,365.0,311.0,361.0,307.0,384.0,273.0,292.0,253.0,242.0,253.0,333.75,280.0,274.5,B
338,269,438.0,384.0,269.0,246.0,234.0,269.0,253.0,357.0,315.0,411.0,338.0,315.0,303.0,311.0,346.0,319.0,342.0,357.0,291.5,287.6666666666667,285.3333333333333,B
284,426,353.0,311.0,42.0,192.0,338.0,242.0,176.0,219.0,307.0,134.0,196.0,165.0,211.0,173.0,219.0,169.0,184.0,351.5,249.25,295.3333333333333,296.1666666666667,B
257,369,238.0,365.0,303.0,269.0,203.0,296.0,338.0,323.0,257.0,311.0,284.0,319.0,303.0,338.0,296.0,288.0,338.0,346.0,207.0,303.0,307.0,B
384,392,326.0,265.0,211.0,238.0,273.0,292.0,173.0,388.0,323.0,296.0,273.0,226.0,303.0,334.0,265.0,272.5,290.0,321.0,270.5,309.0,311.0,B
238,342,211.0,384.0,315.0,284.0,211.0,296.0,161.0,223.0,292.0,276.0,161.0,207.0,276.0,234.0,396.0,257.0,242.0,296.0,334.0,315.0,315.0,B
388,284,373.0,369.0,226.0,315.0,346.0,276.0,315.0,261.0,276.0,203.0,88.0,207.0,226.0,303.0,338.0,265.0,269.0,234.0,323.0,292.0,319.0,B
453,253,365.0,276.0,384.0,373.0,434.0,373.0,373.0,253.0,211.0,219.0,238.0,184.0,338.0,311.0,373.0,303.0,357.0,311.0,373.0,334.0,323.0,B
311,296,273.0,361.0,292.0,303.0,223.0,169.0,253.0,238.0,326.0,176.0,257.0,384.0,319.0,426.0,334.0,315.0,269.0,411.0,357.0,343.6666666666667,324.8333333333333,B
376,242,365.0,261.0,423.0,320.5,207.5,196.0,249.5,207.0,164.5,157.0,172.5,263.0,217.0,351.0,305.0,313.0,278.5,374.5,373.2,353.3333333333333,326.6666666666667,B
415,434,369.0,238.0,273.0,338.0,192.0,223.0,246.0,176.0,3.0,138.0,88.0,142.0,115.0,276.0,276.0,311.0,288.0,338.0,389.4,363.0,328.5,B
365,265,246.0,211.0,353.0,203.0,288.0,319.0,315.0,53.0,42.0,153.0,111.0,238.0,157.0,334.0,188.0,434.0,315.0,376.0,405.6,372.6666666666667,330.3333333333333,B
407,296,315.0,376.0,369.0,365.0,346.0,326.0,223.0,276.0,296.0,138.0,34.0,23.0,165.0,173.0,392.0,407.0,342.0,355.0,421.8,382.3333333333333,332.1666666666667,B
288,342,269.0,403.0,338.0,326.0,369.0,196.0,365.0,292.0,346.0,226.0,307.0,207.0,226.0,207.0,326.0,288.0,369.0,334.0,438.0,392.0,334.0,B
319,326,273.0,353.0,276.0,161.0,338.0,219.0,369.0,288.0,338.0,265.0,292.0,253.0,311.0,226.5,364.5,272.5,401.5,274.5,353.5,297.5,305.0,B
465,311,373.0,273.0,342.0,303.0,261.0,134.0,196.0,192.0,203.0,226.0,403.0,215.0,265.0,246.0,403.0,257.0,434.0,215.0,269.0,203.0,276.0,B
346,307,396.0,303.0,269.0,246.0,292.0,173.0,288.0,346.0,196.0,296.0,246.0,315.0,261.0,346.0,288.0,373.0,246.0,403.0,357.5,230.66666666666666,286.3333333333333,B
353,242,284.0,303.0,257.0,326.0,226.0,342.0,207.0,353.0,273.0,303.0,257.0,153.0,169.0,257.0,261.0,369.0,361.0,369.0,446.0,258.3333333333333,296.6666666666667,B
369,357,438.0,334.0,311.0,338.0,338.0,334.0,242.0,146.0,188.0,223.0,292.0,442.0,357.0,338.0,496.0,353.0,368.5,338.0,424.5,286.0,307.0,B
311,173,296.0,257.0,284.0,257.0,215.0,192.0,238.0,253.0,126.0,153.0,203.0,384.0,365.0,196.0,303.0,357.0,376.0,307.0,403.0,313.6666666666667,317.3333333333333,B
273,307,384.0,269.0,246.0,434.0,284.0,192.0,323.0,176.0,246.0,153.0,192.0,196.0,365.0,373.0,319.0,319.0,342.0,359.0,353.0,341.33333333333337,327.6666666666667,B
226,276,238.0,376.0,238.0,319.0,307.0,342.0,288.0,253.0,284.0,334.0,307.0,257.0,119.0,138.0,292.0,342.0,326.0,411.0,303.0,369.0,338.0,B
338,342,369.0,396.0,303.0,384.0,265.0,196.0,242.0,257.0,111.0,234.0,288.0,346.0,361.0,423.0,353.0,376.0,238.0,273.0,369.0,265.0,334.0,B
342,288,303.0,303.0,296.0,169.0,238.0,211.0,253.0,46.0,207.0,315.0,342.0,234.0,288.0,323.0,284.0,338.0,283.0,293.3333333333333,371.3333333333333,274.125,331.9230769230769,B
296,353,284.0,392.0,288.0,223.0,257.0,334.0,207.0,169.0,88.0,123.0,215.0,292.0,403.0,357.0,278.5,326.5,328.0,313.6666666666667,373.6666666666667,283.25,329.84615384615387,B
373,453,434.0,423.0,376.0,457.0,396.0,276.0,369.0,419.0,292.0,161.0,276.0,276.0,315.0,242.0,273.0,315.0,373.0,334.0,376.0,292.375,327.7692307692308,B
492,469,311.0,257.0,157.0,115.0,192.0,223.0,103.0,173.0,173.0,288.0,296.0,196.0,319.0,261.0,261.0,353.0,396.0,369.0,363.3333333333333,301.5,325.6923076923077,B
361,257,353.0,265.0,284.0,211.0,303.0,311.0,173.0,196.0,303.0,361.0,361.0,361.0,396.0,315.0,434.0,426.0,426.0,392.0,350.6666666666667,310.625,323.61538461538464,B
376,326,388.0,353.0,288.0,388.0,315.0,303.0,319.0,146.0,173.0,207.0,357.0,326.0,342.0,292.0,388.0,415.0,376.0,365.0,338.0,319.75,321.53846153846155,B
326,307,288.0,376.0,353.0,442.0,407.0,226.0,246.0,111.0,146.0,207.0,257.0,284.0,365.0,357.0,361.0,296.0,438.0,338.0,355.5,328.875,319.46153846153845,B
396,384,411.0,461.0,392.0,273.0,219.0,273.0,257.0,276.0,361.0,311.0,411.0,434.0,407.0,273.0,253.0,361.0,296.0,311.0,373.0,338.0,317.38461538461536,B
326,303,257.0,238.0,434.0,234.0,315.0,242.0,396.0,257.0,292.0,146.0,169.0,303.0,373.0,284.0,376.0,311.0,306.0,289.3333333333333,366.3333333333333,316.3333333333333,315.3076923076923,B
257,242,326.0,142.0,349.5,243.5,301.5,319.0,286.0,265.0,288.0,174.5,172.5,270.5,298.0,220.5,380.0,278.5,316.0,267.6666666666667,359.6666666666667,294.6666666666667,313.2307692307692,B
303,315,242.0,323.0,265.0,253.0,288.0,396.0,176.0,273.0,284.0,203.0,176.0,238.0,223.0,157.0,384.0,246.0,326.0,246.0,353.0,273.0,311.15384615384613,B
261,257,226.0,342.0,269.0,303.0,257.0,326.0,134.0,138.0,115.0,142.0,138.0,307.0,369.0,276.0,384.0,326.5,374.5,326.5,289.5,344.0,309.0769230769231,B
396,323,446.0,323.0,365.0,276.0,284.0,257.0,284.0,284.0,269.0,146.0,34.0,207.0,219.0,326.0,326.0,407.0,423.0,407.0,226.0,415.0,307.0,B
288,384,319.0,361.0,407.0,315.0,346.0,311.0,265.0,242.0,223.0,261.0,242.0,361.0,315.0,288.0,273.0,288.0,296.0,369.0,234.0,328.5,331.0,B
292,269,392.0,396.0,269.0,284.0,338.0,273.0,253.0,296.0,261.0,153.0,115.0,15.0,169.0,388.0,446.0,488.0,396.0,311.0,242.0,242.0,355.0,B
253,326,434.0,388.0,284.0,353.0,423.0,319.0,346.0,265.0,165.0,92.0,134.0,169.0,307.0,334.0,323.0,292.0,476.0,438.0,249.5,315.0,379.0,B
384,338,296.0,269.0,442.0,338.0,338.0,319.0,346.0,276.0,276.0,338.0,369.0,192.0,153.0,253.0,296.0,357.0,376.0,338.0,257.0,388.0,403.0,B
392,334,273.0,426.0,388.0,453.0,307.0,303.0,211.0,253.0,173.0,284.0,138.0,203.0,138.0,223.0,292.0,419.0,392.0,315.0,388.0,326.0,365.0,B
365,334,307.0,353.0,365.0,396.0,303.0,257.0,53.0,165.0,253.0,415.0,461.0,465.0,369.0,296.0,369.0,438.0,323.0,376.0,311.0,346.0,307.0,B
388,319,346.0,407.0,234.0,296.0,326.0,176.0,107.0,438.0,457.0,388.0,423.0,363.0,361.0,305.5,346.0,370.5,290.0,355.0,251.5,252.33333333333331,307.0,B
373,276,184.0,153.0,338.0,261.0,203.0,307.0,257.0,96.0,319.0,288.0,369.0,261.0,353.0,315.0,323.0,303.0,257.0,334.0,192.0,158.66666666666666,307.0,B
226,388,265.0,407.0,265.0,215.0,253.0,242.0,257.0,192.0,246.0,307.0,242.0,315.0,288.0,338.0,238.0,307.0,246.0,338.0,223.0,65.0,307.0,B
146,169,176.0,176.0,123.0,146.0,146.0,226.0,196.0,126.0,123.0,157.0,161.0,165.0,96.0,165.0,169.0,203.0,228.5,322.5,240.0,95.75,307.0,B
169,203,192.0,169.0,246.0,292.0,315.0,276.0,311.0,265.0,269.0,265.0,238.0,234.0,246.0,238.0,226.0,273.0,211.0,307.0,257.0,126.5,307.0,B
234,234,276.0,346.0,392.0,246.0,284.0,296.0,311.0,353.0,369.0,361.0,334.0,307.0,288.0,261.0,257.0,288.0,326.0,307.0,265.0,157.25,307.0,B
315,323,338.0,423.0,392.0,392.0,326.0,303.0,203.0,223.0,203.0,238.0,319.0,269.0,288.0,253.0,242.0,288.0,234.0,207.0,273.0,188.0,307.0,B
242,353,496.0,457.0,388.0,419.0,392.0,338.0,265.0,334.0,326.0,342.0,411.0,338.0,296.0,253.0,307.0,257.0,276.3333333333333,296.6666666666667,289.6666666666667,229.0,286.6666666666667,B
184,176,346.0,269.0,376.0,276.0,323.0,473.0,476.0,473.0,426.0,292.0,292.0,88.0,69.0,53.0,107.0,282.0,318.6666666666667,386.33333333333337,306.3333333333333,270.0,266.3333333333333,B
269,188,311.0,288.0,303.0,257.0,284.0,203.0,188.0,396.0,442.0,388.0,315.0,323.0,223.0,269.0,246.0,307.0,361.0,476.0,323.0,311.0,246.0,B
146,207,146.0,188.0,161.0,219.0,257.0,111.0,303.0,223.0,338.0,326.0,196.0,296.0,257.0,376.0,188.0,188.0,276.0,380.0,333.0,299.5,254.11111111111111,B
334,457,373.0,184.0,273.0,292.0,334.0,434.0,423.0,484.0,338.0,319.0,211.0,273.0,253.0,253.0,223.0,292.0,269.0,284.0,343.0,288.0,262.22222222222223,B
326,392,369.0,369.0,269.0,296.0,219.0,342.0,369.0,419.0,319.0,269.0,253.0,192.0,242.0,269.0,361.0,269.0,315.0,334.0,353.0,276.5,270.3333333333333,B
434,353,246.0,284.0,338.0,469.0,415.0,423.0,434.0,403.0,292.0,138.0,269.0,203.0,242.0,253.0,196.0,311.0,303.0,292.0,334.0,265.0,278.44444444444446,B
384,438,357.0,265.0,134.0,165.0,88.0,23.0,169.0,323.0,388.0,361.0,361.0,253.0,242.0,238.0,246.0,234.0,318.5,285.25,315.75,275.8,286.55555555555554,B
242,365,346.0,311.0,284.0,246.0,238.0,88.0,184.0,238.0,265.0,292.0,253.0,365.0,396.0,442.0,338.0,326.0,334.0,278.5,297.5,286.6,294.6666666666667,B
365,284,242.0,269.0,188.0,307.0,215.0,211.0,226.0,165.0,238.0,253.0,234.0,269.0,319.0,373.0,353.0,307.0,320.5,271.75,279.25,297.4,302.77777777777777,B
338,426,419.0,357.0,288.0,257.0,284.0,319.0,223.0,165.0,184.0,238.0,315.0,315.0,338.0,265.0,284.0,334.0,307.0,265.0,261.0,308.2,310.8888888888889,B
242,315,323.0,342.0,311.0,369.0,207.0,315.0,215.0,273.0,273.0,315.0,88.0,111.0,276.0,373.0,376.0,303.0,257.0,357.0,223.0,319.0,319.0,B
376,465,423.0,323.0,161.0,215.0,119.0,207.0,142.0,153.0,215.0,111.0,346.0,292.0,338.0,457.0,242.0,319.0,265.0,353.0,342.0,307.0,246.0,B
361,226,265.0,365.0,265.0,253.0,361.0,153.0,261.0,157.0,219.0,369.0,303.0,319.0,234.0,403.0,323.0,296.0,253.0,326.0,261.0,292.14285714285717,227.28571428571428,B
415,392,353.0,223.0,261.0,115.0,376.0,311.0,284.0,203.0,257.0,165.0,215.0,161.0,253.0,303.0,293.5,270.3333333333333,241.5,306.1666666666667,241.16666666666666,277.2857142857143,208.57142857142856,B
238,207,253.0,211.0,323.0,276.0,230.0,207.0,234.0,138.0,188.0,319.0,306.0,271.3333333333333,322.3333333333333,360.6666666666667,264.0,244.66666666666666,230.0,286.3333333333333,221.33333333333334,262.42857142857144,189.85714285714286,B
246,261,207.0,246.0,296.0,176.0,84.0,103.0,184.0,73.0,119.0,473.0,397.0,381.66666666666663,391.66666666666663,418.3333333333333,234.5,219.0,218.5,266.5,201.5,247.57142857142856,171.14285714285714,B
488,426,384.0,365.0,326.0,265.0,242.0,257.0,288.0,307.0,61.0,296.0,488.0,492.0,461.0,476.0,205.0,193.33333333333331,207.0,246.66666666666669,181.66666666666669,232.71428571428572,152.42857142857142,B
492,426,388.0,369.0,361.0,253.0,269.0,284.0,284.0,253.0,284.0,184.0,219.0,261.0,234.0,253.0,175.5,167.66666666666666,195.5,226.83333333333334,161.83333333333334,217.85714285714286,133.71428571428572,B
265,246,269.0,265.0,257.0,203.0,161.0,146.0,173.0,296.0,261.0,211.0,223.0,265.0,234.0,246.0,146.0,142.0,184.0,207.0,142.0,203.0,115.0,B
446,465,342.0,403.0,438.0,426.0,311.0,261.0,153.0,196.0,223.0,207.0,303.0,315.0,301.5,261.0,219.0,276.5,293.5,255.0,199.5,299.5,137.7,B
257,273,219.0,234.0,269.0,419.0,392.0,442.0,338.0,338.0,107.0,142.0,284.0,365.0,369.0,276.0,292.0,411.0,403.0,303.0,257.0,396.0,160.4,B
373,334,269.0,457.0,415.0,423.0,365.0,361.0,396.0,234.0,392.0,326.0,342.0,238.0,288.0,255.0,290.0,340.0,282.0,310.75,268.57142857142856,376.14285714285717,183.1,B
453,388,219.0,65.0,153.0,92.0,211.0,157.0,384.0,307.0,219.0,96.0,219.0,173.0,207.0,234.0,288.0,269.0,161.0,318.5,280.14285714285717,356.2857142857143,205.8,B
392,292,365.0,273.0,265.0,307.0,361.0,296.0,276.0,169.0,96.0,92.0,323.0,376.0,242.0,365.0,342.0,438.0,392.0,326.25,291.7142857142857,336.42857142857144,228.5,B
484,323,384.0,276.0,307.0,265.0,319.0,307.0,242.0,303.0,15.0,23.0,188.0,446.0,346.0,361.0,457.0,338.0,353.0,334.0,303.2857142857143,316.57142857142856,251.2,B
392,396,284.0,423.0,134.0,157.0,334.0,273.0,288.0,353.0,415.0,89.66666666666667,233.0,437.0,325.3333333333333,304.6666666666667,391.6666666666667,317.3333333333333,341.6666666666667,304.6666666666667,314.85714285714283,296.7142857142857,273.9,B
215,388,373.0,411.0,265.0,357.0,426.0,461.0,376.0,192.0,146.0,156.33333333333334,278.0,428.0,304.6666666666667,248.33333333333331,326.33333333333337,296.6666666666667,330.3333333333333,275.3333333333333,326.42857142857144,276.8571428571429,296.6,B
342,457,346.0,326.0,296.0,338.0,353.0,253.0,242.0,215.0,196.0,223.0,323.0,419.0,284.0,192.0,261.0,276.0,319.0,246.0,338.0,257.0,319.29999999999995,B
203,319,407.0,269.0,315.0,288.0,257.0,157.0,238.0,146.0,65.0,207.0,353.0,384.0,373.0,442.0,296.0,376.0,373.0,346.0,384.0,365.0,342.0,B
296,388,376.0,392.0,315.0,323.0,303.0,338.0,188.0,207.0,257.0,242.0,69.0,196.0,153.0,276.0,334.0,396.0,484.0,276.0,396.0,238.0,296.0,B
357,296,323.0,269.0,276.0,203.0,273.0,257.0,338.0,7.0,88.0,126.0,269.0,334.0,496.0,469.0,411.0,496.0,303.0,384.0,269.0,415.0,276.0,B
307,392,319.0,284.0,292.0,138.0,369.0,169.0,103.0,176.0,365.0,384.0,369.0,315.0,371.0,361.3333333333333,399.3333333333333,442.0,354.3333333333333,357.0,299.6666666666667,339.3333333333333,273.6666666666667,B
53,253,453.0,226.0,134.0,34.0,157.0,242.0,469.0,307.0,457.0,303.0,384.0,388.0,246.0,253.66666666666666,387.6666666666667,388.0,405.6666666666667,330.0,330.3333333333333,263.66666666666663,271.3333333333333,B
326,138,342.0,303.0,373.0,269.0,346.0,238.0,353.0,103.0,346.0,353.0,415.0,223.0,303.0,146.0,376.0,334.0,457.0,303.0,361.0,188.0,269.0,B
173,226,323.0,361.0,215.0,257.0,307.0,169.0,203.0,257.0,446.0,442.0,476.0,438.0,426.0,442.0,442.0,469.0,404.25,293.5,347.5,223.83333333333334,285.0,B
442,469,419.0,419.0,365.0,373.0,253.0,342.0,373.0,361.0,469.0,407.0,473.0,415.0,372.5,351.5,378.5,328.5,351.5,284.0,334.0,259.6666666666667,301.0,B
496,492,423.0,438.0,357.0,361.0,146.0,196.0,323.0,453.0,442.0,419.0,426.0,392.0,319.0,261.0,315.0,188.0,298.75,274.5,320.5,295.5,317.0,B
338,273,334.0,307.0,334.0,342.0,226.0,257.0,261.0,38.0,234.0,373.0,426.0,361.0,361.0,276.0,303.0,273.0,246.0,265.0,307.0,331.33333333333337,333.0,B
215,284,265.0,253.0,346.0,353.0,276.0,276.0,346.0,57.0,11.0,84.0,334.0,403.0,453.0,415.0,357.0,334.0,284.0,284.0,423.0,367.1666666666667,349.0,B
342,242,284.0,215.0,326.0,219.0,273.0,346.0,361.0,353.0,357.0,276.0,92.0,392.0,484.0,442.0,469.0,373.0,396.0,415.0,376.0,403.0,365.0,B
407,396,342.0,415.0,365.0,3.0,34.0,384.0,426.0,461.0,438.0,353.0,446.0,388.0,451.5,419.0,457.5,350.5,375.5,398.3333333333333,363.8333333333333,380.0,353.42857142857144,B
257,284,334.0,315.0,442.0,361.0,411.0,273.0,315.0,73.0,296.0,253.0,469.0,384.0,419.0,396.0,446.0,328.0,355.0,381.6666666666667,351.6666666666667,357.0,341.85714285714283,B
373,476,226.0,146.0,415.0,396.0,284.0,311.0,173.0,92.0,403.0,484.0,465.0,419.0,361.3333333333333,351.0,389.3333333333333,305.5,334.5,365.0,339.5,334.0,330.2857142857143,B
469,403,384.0,384.0,376.0,373.0,319.0,307.0,273.0,296.0,207.0,315.0,413.0,342.0,303.6666666666667,306.0,332.6666666666667,283.0,314.0,348.3333333333333,327.3333333333333,311.0,318.7142857142857,B
346,246,238.0,265.0,219.0,303.0,153.0,223.0,246.0,342.0,326.0,369.0,361.0,265.0,246.0,261.0,276.0,260.5,293.5,331.66666666666663,315.1666666666667,288.0,307.14285714285717,B
334,207,234.0,219.0,246.0,253.0,234.0,188.0,142.0,319.0,265.0,361.0,388.0,265.0,346.0,319.0,269.0,238.0,273.0,315.0,303.0,265.0,295.57142857142856,B
326,323,311.0,392.0,369.0,453.0,442.0,365.0,384.0,492.0,469.0,492.0,426.0,384.0,373.0,253.0,296.0,223.0,153.0,126.0,238.0,238.0,284.0,B
153,184,219.0,403.0,373.0,419.0,338.0,346.0,376.0,476.0,457.0,353.0,307.0,319.0,303.0,296.0,219.0,219.0,253.0,185.0,257.3333333333333,224.0,284.0,B
242,303,257.0,238.0,276.0,219.0,307.0,265.0,307.0,434.0,469.0,419.0,438.0,384.0,434.0,465.0,307.0,342.0,323.0,244.0,276.6666666666667,210.0,284.0,B
276,103,111.0,265.0,246.0,323.0,223.0,257.0,219.0,288.0,384.0,357.0,388.0,473.0,461.0,415.0,396.0,373.0,411.0,303.0,296.0,196.0,284.0,B
269,211,273.0,246.0,219.0,276.0,384.0,373.0,396.0,457.0,376.0,319.0,273.0,338.0,373.0,288.0,296.0,257.0,192.0,207.0,275.3333333333333,237.4,289.4,B
423,438,323.0,261.0,169.0,265.0,184.0,188.0,303.0,257.0,326.0,315.0,346.0,273.0,361.0,303.0,357.0,269.0,411.0,224.5,254.66666666666666,278.8,294.8,B
303,257,157.0,273.0,219.0,338.0,453.0,392.0,396.0,276.0,288.0,223.0,311.0,319.0,426.0,292.0,334.0,361.0,438.0,242.0,234.0,320.2,300.2,B
242,284,157.0,207.0,226.0,303.0,173.0,246.0,138.0,165.0,111.0,188.0,403.0,373.0,446.0,338.0,346.0,269.0,303.0,223.0,243.5,361.6,305.6,B
311,319,257.0,288.0,423.0,365.0,353.0,296.0,407.0,238.0,319.0,173.0,207.0,111.0,142.0,153.0,365.0,392.0,419.0,323.0,253.0,403.0,311.0,B
323,215,353.0,246.0,323.0,238.0,296.0,219.0,273.0,7.0,84.0,461.0,419.0,461.0,476.0,326.0,388.0,342.0,392.0,271.6666666666667,277.3333333333333,299.3333333333333,309.6666666666667,B
142,69,446.0,376.0,407.0,246.0,338.0,211.0,326.0,232.0,149.5,426.5,382.5,478.5,380.0,268.5,367.0,253.5,365.0,220.33333333333331,301.6666666666667,195.66666666666666,308.3333333333333,B
434,207,288.0,223.0,342.0,276.0,311.0,242.0,365.0,457.0,215.0,392.0,346.0,496.0,284.0,211.0,346.0,165.0,338.0,169.0,326.0,92.0,307.0,B
134,376,223.0,319.0,146.0,376.0,392.0,273.0,419.0,469.0,465.0,303.0,176.0,307.0,257.0,184.0,246.0,276.5,403.5,230.5,330.0,180.5,380.0,B
442,215,403.0,311.0,323.0,415.0,215.0,403.0,226.0,161.0,138.0,419.0,284.0,257.0,434.0,292.0,457.0,388.0,469.0,292.0,334.0,269.0,453.0,B
442,269,419.0,207.0,376.0,276.0,223.0,411.0,369.0,269.0,388.0,496.0,273.0,446.0,242.0,438.0,269.0,419.0,188.0,384.0,157.0,342.0,447.84615384615387,B
469,192,138.0,296.0,134.0,292.0,169.0,342.0,188.0,384.0,196.0,446.0,446.0,169.0,473.0,253.0,326.0,246.0,357.0,270.5,272.5,323.2857142857143,442.6923076923077,B
84,65,403.0,226.0,369.0,184.0,353.0,138.0,311.0,284.0,315.0,219.0,434.0,446.0,296.0,276.0,342.0,276.0,438.0,157.0,388.0,304.57142857142856,437.53846153846155,B
203,396,203.0,392.0,284.0,419.0,203.0,107.0,215.0,423.0,376.0,334.0,315.0,442.0,207.0,307.0,396.0,265.4,423.4,180.2,395.0,285.85714285714283,432.38461538461536,B
211,203,157.0,442.0,442.0,369.0,488.0,307.0,419.0,376.0,315.0,338.0,423.0,303.0,269.0,423.0,265.0,254.8,408.8,203.4,402.0,267.1428571428571,427.2307692307692,B
319,426,165.0,142.0,296.0,246.0,353.0,65.0,184.0,26.0,107.0,388.0,353.0,300.6666666666667,220.33333333333334,378.0,302.0,244.2,394.2,226.6,409.0,248.42857142857142,422.0769230769231,B
438,473,307.0,476.0,261.0,57.0,219.0,92.0,284.0,72.5,247.5,297.5,288.0,298.3333333333333,171.66666666666669,333.0,339.0,233.6,379.6,249.8,416.0,229.71428571428572,416.9230769230769,B
234,426,146.0,388.0,203.0,173.0,303.0,138.0,326.0,119.0,388.0,207.0,223.0,296.0,123.0,288.0,376.0,223.0,365.0,273.0,423.0,211.0,411.7692307692308,B
323,203,319.0,192.0,434.0,276.0,303.0,157.0,326.0,92.0,215.0,438.0,84.0,92.0,265.0,357.0,488.0,226.0,376.0,292.0,496.0,269.0,406.61538461538464,B
488,461,292.0,484.0,184.0,119.0,23.0,38.0,334.0,296.0,488.0,403.0,307.0,169.0,342.0,368.6666666666667,456.7142857142857,237.57142857142858,374.42857142857144,284.2857142857143,475.57142857142856,282.14285714285717,401.46153846153845,B
384,276,353.0,269.0,457.0,119.0,376.0,442.0,126.0,61.0,426.0,388.0,419.0,396.0,392.0,380.3333333333333,425.42857142857144,249.14285714285714,372.85714285714283,276.57142857142856,455.14285714285717,295.2857142857143,396.3076923076923,B
438,365,407.0,207.0,315.0,169.0,257.0,103.0,176.0,7.0,19.0,219.0,315.0,488.0,442.0,392.0,394.1428571428571,260.7142857142857,371.2857142857143,268.85714285714283,434.7142857142857,308.42857142857144,391.15384615384613,B
288,388,242.0,365.0,153.0,188.0,365.0,226.0,107.0,365.0,292.0,219.0,357.0,238.0,38.0,184.0,362.8571428571429,272.2857142857143,369.7142857142857,261.14285714285717,414.2857142857143,321.57142857142856,386.0,B
107,234,384.0,365.0,273.0,253.0,119.0,84.0,107.0,357.0,419.0,446.0,266.5,288.0,120.5,234.0,331.57142857142856,283.85714285714283,368.14285714285717,253.42857142857144,393.8571428571429,334.7142857142857,380.8461538461538,B
426,276,242.0,165.0,42.0,173.0,315.0,276.0,342.0,303.0,342.0,184.0,176.0,338.0,203.0,284.0,300.2857142857143,295.42857142857144,366.57142857142856,245.71428571428572,373.42857142857144,347.8571428571429,375.6923076923077,B
392,257,411.0,246.0,296.0,169.0,257.0,196.0,265.0,207.0,176.0,288.0,215.0,357.0,284.0,334.0,269.0,307.0,365.0,238.0,353.0,361.0,370.53846153846155,B
134,461,361.0,453.0,384.0,438.0,346.0,357.0,192.0,195.5,220.5,280.5,238.0,349.5,297.5,340.0,301.5,374.5,345.5,255.5,356.0,352.5,365.38461538461536,B
284,442,315.0,415.0,288.0,357.0,257.0,111.0,107.0,184.0,265.0,273.0,261.0,342.0,311.0,346.0,334.0,442.0,326.0,273.0,359.0,344.0,360.2307692307692,B
57,3,42.0,311.0,488.0,426.0,465.0,411.0,315.0,438.0,196.0,157.0,346.0,353.0,496.0,376.0,365.0,315.0,286.0,303.5,362.0,335.5,355.0769230769231,B
446,384,223.0,288.0,211.0,173.0,307.0,453.0,388.0,396.0,115.0,115.0,211.0,192.0,253.0,242.0,326.0,261.0,246.0,334.0,365.0,327.0,349.9230769230769,B
442,357,453.0,423.0,288.0,307.0,269.0,288.0,173.0,57.0,307.0,223.0,365.0,265.0,388.0,288.0,438.0,384.0,438.0,457.0,392.0,318.5,344.7692307692308,B
346,353,434.0,365.0,361.0,342.0,242.0,288.0,376.0,219.0,76.0,107.0,203.0,353.0,361.0,388.0,361.0,307.0,384.0,265.0,234.0,310.0,339.61538461538464,B
303,265,388.0,342.0,403.0,196.0,315.0,34.0,146.0,338.0,415.0,465.0,220.5,334.0,351.5,363.0,313.0,282.0,322.5,294.75,264.75,301.5,334.46153846153845,B
476,369,273.0,246.0,223.0,88.0,142.0,303.0,42.0,42.0,126.0,361.0,238.0,315.0,342.0,338.0,265.0,257.0,261.0,324.5,295.5,293.0,329.30769230769226,B
115,123,165.0,253.0,246.0,361.0,219.0,273.0,296.0,319.0,215.0,188.0,269.0,361.0,392.0,369.0,346.0,438.0,340.0,354.25,326.25,284.5,324.15384615384613,B
461,338,453.0,238.0,207.0,138.0,203.0,226.0,423.0,253.0,146.0,119.0,288.0,369.0,361.0,438.0,384.0,242.0,419.0,384.0,357.0,276.0,319.0,B
315,246,342.0,242.0,323.0,188.0,257.0,242.0,292.0,369.0,261.0,276.0,369.0,338.0,392.0,273.0,342.0,373.0,415.0,369.0,419.0,219.0,317.85074626865674,B
323,211,253.0,326.0,176.0,126.0,369.0,222.5,207.5,351.5,378.5,249.33333333333334,348.3333333333333,293.0,340.6666666666667,251.0,316.3333333333333,363.57142857142856,400.7142857142857,362.42857142857144,402.42857142857144,219.57575757575756,316.7014925373134,B
373,388,415.0,288.0,357.0,276.0,242.0,203.0,123.0,334.0,496.0,222.66666666666666,327.6666666666667,248.0,289.3333333333333,229.0,290.6666666666667,354.14285714285717,386.42857142857144,355.85714285714283,385.85714285714283,220.15151515151516,315.55223880597015,B
403,342,319.0,196.0,257.0,219.0,303.0,373.0,446.0,388.0,296.0,196.0,307.0,203.0,238.0,207.0,265.0,344.7142857142857,372.1428571428571,349.2857142857143,369.2857142857143,220.72727272727272,314.4029850746269,B
307,323,269.0,273.0,246.0,246.0,196.0,265.0,396.0,223.0,284.0,138.0,3.0,26.0,274.5,232.0,266.3333333333333,335.2857142857143,357.85714285714283,342.7142857142857,352.7142857142857,221.3030303030303,313.25373134328356,B
296,338,407.0,311.0,319.0,307.0,223.0,184.0,196.0,215.0,234.0,288.0,307.0,357.0,311.0,257.0,267.6666666666667,325.85714285714283,343.57142857142856,336.14285714285717,336.1428571428571,221.87878787878788,312.1044776119403,B
261,311,292.0,273.0,276.0,288.0,269.0,384.0,265.0,288.0,357.0,357.0,446.0,434.0,323.0,376.0,269.0,316.42857142857144,329.2857142857143,329.57142857142856,319.57142857142856,222.45454545454547,310.95522388059703,B
261,242,242.0,223.0,269.0,326.0,215.0,365.0,153.0,219.0,192.0,315.0,423.0,342.0,353.0,284.0,276.0,307.0,315.0,323.0,303.0,223.03030303030303,309.8059701492537,B
415,415,261.0,288.0,384.0,484.0,224.5,280.5,147.5,171.0,194.0,238.0,263.0,290.0,261.0,249.5,205.0,294.8333333333333,291.0,317.9230769230769,301.84615384615387,223.6060606060606,308.65671641791045,B
257,215,126.0,73.0,119.0,207.0,234.0,196.0,142.0,123.0,196.0,161.0,103.0,238.0,169.0,215.0,134.0,282.6666666666667,267.0,312.84615384615387,300.6923076923077,224.1818181818182,307.5074626865672,B
161,161,303.0,223.0,319.0,319.0,403.0,376.0,361.0,403.0,376.0,365.0,357.0,273.0,226.0,269.0,155.0,270.5,243.0,307.7692307692308,299.53846153846155,224.75757575757575,306.35820895522386,B
242,157,257.0,257.0,284.0,242.0,238.0,373.0,361.0,376.0,284.0,288.0,284.0,292.0,288.0,323.0,176.0,258.3333333333333,219.0,302.6923076923077,298.38461538461536,225.33333333333334,305.2089552238806,B
311,338,315.0,269.0,338.0,246.0,315.0,346.0,326.0,334.0,265.0,288.0,276.0,296.0,284.0,353.0,284.0,246.16666666666669,195.0,297.61538461538464,297.2307692307692,225.9090909090909,304.05970149253733,B
361,369,384.0,334.0,326.0,326.0,311.0,119.0,153.0,269.0,407.0,365.0,238.0,234.0,196.0,265.0,203.0,234.0,171.0,292.53846153846155,296.0769230769231,226.4848484848485,302.910447761194,B
234,234,307.0,361.0,361.0,369.0,323.0,357.0,361.0,396.0,415.0,419.0,461.0,361.0,396.0,292.0,203.0,219.0,147.0,287.46153846153845,294.9230769230769,227.06060606060606,301.76119402985074,B
226,261,234.0,323.0,269.0,203.0,176.0,176.0,219.0,226.0,226.0,273.0,361.0,353.0,353.0,353.0,273.0,176.0,123.0,282.38461538461536,293.7692307692308,227.63636363636363,300.6119402985075,B
157,303,276.0,257.0,288.0,296.0,338.0,273.0,284.0,211.0,161.0,288.0,169.0,253.0,153.0,176.0,276.6666666666667,199.33333333333334,162.66666666666666,277.3076923076923,292.61538461538464,228.21212121212122,299.46268656716416,B
246,284,346.0,315.0,319.0,338.0,446.0,488.0,434.0,211.0,96.0,3.0,207.0,384.0,488.0,476.0,280.3333333333333,222.66666666666666,202.33333333333331,272.2307692307692,291.46153846153845,228.78787878787878,298.3134328358209,B
446,426,353.0,273.0,388.0,288.0,342.0,261.0,396.0,357.0,357.0,315.0,261.0,246.0,392.0,376.0,284.0,246.0,242.0,267.1538461538462,290.3076923076923,229.36363636363637,297.1641791044776,B
219,273,261.0,311.0,326.0,353.0,373.0,469.0,384.0,373.0,265.0,219.0,261.0,369.0,196.0,384.0,242.0,215.0,176.0,262.0769230769231,289.15384615384613,229.93939393939394,296.0149253731343,B
292,157,338.0,207.0,342.0,269.0,307.0,265.0,326.0,319.0,311.0,276.0,419.0,238.0,453.0,492.0,442.0,296.0,338.0,257.0,288.0,230.5151515151515,294.86567164179104,B
207,269,265.0,296.0,253.0,284.0,376.0,284.0,207.0,215.0,261.0,438.0,273.0,353.0,396.0,397.5,384.0,289.8,328.8,259.4,286.2307692307692,231.0909090909091,293.7164179104478,B
296,338,446.0,373.0,253.0,353.0,219.0,319.0,203.0,103.0,292.0,303.0,369.0,323.0,319.0,303.0,326.0,283.6,319.6,261.8,284.46153846153845,231.66666666666666,292.56716417910445,B
226,384,461.0,265.0,261.0,242.0,434.0,426.0,334.0,226.0,238.0,276.0,265.0,334.0,315.0,342.0,337.6666666666667,277.4,310.4,264.2,282.6923076923077,232.24242424242425,291.4179104477612,B
338,284,426.0,388.0,361.0,226.0,269.0,273.0,326.0,246.0,246.0,369.0,242.0,219.0,353.0,153.0,349.3333333333333,271.2,301.2,266.6,280.9230769230769,232.8181818181818,290.2686567164179,B
253,284,292.0,292.0,346.0,376.0,365.0,446.0,265.0,292.0,165.0,315.0,261.0,338.0,373.0,334.0,361.0,265.0,292.0,269.0,279.15384615384613,233.3939393939394,289.11940298507466,B
376,403,457.0,315.0,296.0,269.0,234.0,161.0,246.0,323.0,223.0,411.0,365.0,238.0,146.0,342.0,153.0,134.0,73.0,259.57142857142856,277.38461538461536,233.96969696969697,287.97014925373134,B
196,284,173.0,334.0,273.0,388.0,265.0,411.0,388.0,219.0,288.0,165.0,257.0,176.0,193.33333333333334,350.4,153.0,171.83333333333334,108.83333333333334,250.14285714285714,275.61538461538464,234.54545454545456,286.82089552238807,B
184,84,61.0,265.0,434.0,373.0,284.0,257.0,261.0,219.0,328.5,240.0,288.0,286.0,240.66666666666669,358.8,153.0,209.66666666666669,144.66666666666669,240.71428571428572,273.84615384615387,235.12121212121212,285.67164179104475,B
303,303,338.0,288.0,269.0,269.0,365.0,369.0,373.0,273.0,369.0,315.0,319.0,396.0,288.0,367.2,153.0,247.5,180.5,231.28571428571428,272.0769230769231,235.6969696969697,284.5223880597015,B
296,257,242.0,438.0,276.0,342.0,465.0,265.0,307.0,292.0,415.0,292.0,246.0,196.0,142.0,375.6,153.0,285.33333333333337,216.33333333333334,221.85714285714286,270.3076923076923,236.27272727272728,283.3731343283582,B
415,334,369.0,415.0,342.0,223.0,346.0,211.0,407.0,284.0,103.0,234.0,411.0,488.0,423.0,384.0,153.0,323.1666666666667,252.16666666666669,212.42857142857144,268.53846153846155,236.84848484848484,282.22388059701495,B
273,315,261.0,423.0,357.0,296.0,338.0,265.0,292.0,388.0,315.0,223.0,315.0,411.0,461.0,319.0,361.0,361.0,288.0,203.0,266.7692307692308,237.42424242424244,281.07462686567163,B
273,219,434.0,342.0,311.0,457.0,423.0,476.0,442.0,215.0,184.0,126.0,303.0,365.0,465.0,392.0,457.0,311.0,311.0,326.0,265.0,238.0,279.92537313432837,B
473,392,353.0,192.0,269.0,203.0,284.0,115.0,257.0,438.0,384.0,446.0,257.0,269.0,261.0,103.0,219.0,317.0,251.5,307.0,253.45454545454547,238.57575757575756,278.77611940298505,B
188,223,357.0,273.0,334.0,419.0,419.0,392.0,346.0,338.0,211.0,338.0,319.0,426.0,307.0,338.0,184.0,323.0,192.0,288.0,241.9090909090909,239.15151515151516,277.6268656716418,B
373,442,384.0,357.0,238.0,415.0,296.0,338.0,269.0,415.0,303.0,169.0,242.0,373.0,192.0,265.0,215.0,361.0,215.0,269.0,230.36363636363637,239.72727272727272,276.4776119402985,B
403,434,365.0,346.0,426.0,311.0,265.0,96.0,142.0,203.0,265.0,261.0,276.0,246.0,269.0,259.0,226.5,286.0,215.0,268.0,218.8181818181818,240.3030303030303,275.32835820895525,B
353,303,465.0,388.0,303.0,373.0,234.0,288.0,276.0,234.0,223.0,276.0,265.0,119.0,346.0,253.0,238.0,211.0,215.0,267.0,207.27272727272728,240.87878787878788,274.17910447761193,B
211,357,276.0,334.0,226.0,226.0,123.0,257.0,153.0,88.0,103.0,361.0,269.0,192.0,269.0,169.0,303.0,196.0,215.0,266.0,195.72727272727275,241.45454545454547,273.02985074626866,B
238,357,273.0,426.0,334.0,311.0,273.0,353.0,388.0,369.0,457.0,273.0,496.0,326.0,288.0,261.0,219.0,165.0,215.0,265.0,184.1818181818182,242.03030303030303,271.88059701492534,B
273,411,423.0,334.0,353.0,296.0,146.0,307.0,173.0,284.0,392.0,346.0,357.0,311.0,369.0,342.0,303.0,273.0,267.6666666666667,283.0,172.63636363636363,242.60606060606062,270.7313432835821,B
273,423,326.0,423.0,242.0,296.0,284.0,353.0,253.0,334.0,257.0,365.0,319.0,288.0,353.0,203.0,176.0,292.0,320.3333333333333,301.0,161.0909090909091,243.1818181818182,269.5820895522388,B
234,326,369.0,369.0,261.0,319.0,261.0,288.0,253.0,165.0,253.0,319.0,392.0,319.0,469.0,307.0,307.0,261.0,373.0,319.0,149.54545454545456,243.75757575757575,268.43283582089555,B
307,423,411.0,357.0,438.0,384.0,438.0,288.0,323.0,303.0,392.0,353.0,257.0,407.0,342.0,388.0,273.0,326.0,234.0,315.0,138.0,244.33333333333334,267.2835820895522,B
207,276,419.0,292.0,342.0,284.0,442.0,373.0,276.0,303.0,338.0,269.0,284.0,311.0,257.0,326.0,288.0,288.0,303.0,303.0,292.0,244.9090909090909,266.13432835820896,B
303,273,392.0,346.0,311.0,257.0,288.0,269.0,284.0,284.0,215.0,257.0,392.0,361.0,319.0,357.0,357.0,361.0,376.0,286.3333333333333,235.66666666666666,245.4848484848485,264.9850746268657,B
238,211,426.0,361.0,376.0,396.0,238.0,284.0,373.0,265.0,284.0,265.0,238.0,319.0,246.0,323.0,238.0,343.5,339.5,269.6666666666667,179.33333333333331,246.06060606060606,263.8358208955224,B
273,207,357.0,373.0,269.0,288.0,223.0,369.0,346.0,334.0,242.0,338.0,273.0,361.0,411.0,469.0,411.0,326.0,303.0,253.0,123.0,246.63636363636363,262.6865671641791,B
211,288,484.0,415.0,411.0,361.0,396.0,342.0,303.0,392.0,253.0,265.0,153.0,384.0,323.0,342.0,326.0,388.0,338.0,392.0,136.9090909090909,247.21212121212122,261.53731343283584,B
392,488,315.0,269.0,226.0,219.0,261.0,334.0,226.0,119.0,346.0,211.0,315.0,219.0,307.0,307.0,276.0,357.0,299.5,340.0,150.8181818181818,247.78787878787878,260.3880597014925,B
176,246,342.0,438.0,338.0,392.0,407.0,288.0,338.0,365.0,342.0,269.0,323.0,442.0,384.0,326.0,319.0,203.0,261.0,288.0,164.72727272727272,248.36363636363637,259.23880597014926,B
192,361,261.0,353.0,273.0,492.0,453.0,426.0,273.0,326.0,303.0,323.0,296.0,338.0,311.0,257.0,176.0,164.66666666666666,235.33333333333334,291.85714285714283,178.63636363636363,248.93939393939394,258.089552238806,B
161,307,438.0,357.0,315.0,234.0,403.0,357.0,323.0,323.0,253.0,226.0,290.0,372.5,313.0,316.5,218.5,126.33333333333333,209.66666666666666,295.7142857142857,192.54545454545456,249.51515151515153,256.94029850746267,B
269,403,419.0,434.0,373.0,434.0,334.0,334.0,323.0,323.0,323.0,253.0,284.0,407.0,315.0,376.0,261.0,88.0,184.0,299.57142857142856,206.45454545454544,250.0909090909091,255.7910447761194,B
353,361,326.0,388.0,334.0,334.0,257.0,242.0,142.0,92.0,73.0,207.0,184.0,411.0,353.0,334.0,307.0,184.0,221.33333333333334,303.42857142857144,220.36363636363637,250.66666666666666,254.6417910447761,B
261,411,346.0,319.0,284.0,257.0,338.0,88.0,3.0,65.0,192.0,307.0,434.0,438.0,403.0,303.0,322.5,174.5,258.6666666666667,307.2857142857143,234.27272727272725,251.24242424242425,253.49253731343282,B
357,265,211.0,388.0,369.0,323.0,288.0,338.0,392.0,365.0,357.0,392.0,415.0,376.0,365.0,311.0,338.0,165.0,296.0,311.14285714285717,248.1818181818182,251.8181818181818,252.34328358208955,B
257,319,288.0,338.0,242.0,357.0,334.0,273.0,161.0,126.0,161.0,411.0,461.0,384.0,365.0,361.0,292.0,388.0,196.0,315.0,262.0909090909091,252.3939393939394,251.1940298507463,B
265,269,403.0,323.0,384.0,373.0,442.0,407.0,311.0,461.0,311.0,303.0,57.0,138.0,246.0,492.0,346.0,446.0,326.0,376.0,276.0,252.96969696969697,250.04477611940297,B
396,353,234.0,323.0,276.0,303.0,223.0,203.0,273.0,161.0,146.0,184.0,219.0,311.0,184.0,303.0,88.0,188.0,223.0,176.0,277.7142857142857,253.54545454545456,248.8955223880597,B
338,353,215.0,361.0,169.0,265.0,111.0,261.0,234.0,276.0,203.0,311.0,257.0,265.0,207.0,211.0,134.0,246.0,196.0,134.0,279.42857142857144,254.12121212121212,247.74626865671644,B
207,288,376.0,276.0,284.0,292.0,269.0,207.0,261.0,319.0,346.0,434.0,326.0,346.0,188.0,115.0,276.0,192.0,267.0,226.5,281.14285714285717,254.6969696969697,246.59701492537312,B
273,261,207.0,326.0,261.0,226.0,319.0,346.0,411.0,338.0,269.0,357.0,307.0,226.0,323.0,319.0,211.0,315.0,338.0,319.0,282.85714285714283,255.27272727272728,245.44776119402985,B
292,388,257.0,311.0,261.0,415.0,342.0,338.0,388.0,396.0,323.0,246.0,342.0,253.0,376.0,276.0,115.0,276.0,356.0,301.0,284.57142857142856,255.84848484848484,244.2985074626866,B
169,215,246.0,384.0,315.0,338.0,453.0,284.0,215.0,311.0,415.0,396.0,392.0,242.0,296.0,253.0,288.0,316.5,374.0,283.0,286.2857142857143,256.42424242424244,243.14925373134326,B
269,338,326.0,326.0,288.0,269.0,303.0,188.0,269.0,338.0,284.0,334.0,323.0,392.0,407.0,342.0,323.0,357.0,392.0,265.0,288.0,257.0,242.0,B
196,261,365.0,326.0,307.0,169.0,284.0,284.0,338.0,273.0,438.0,265.0,303.0,376.0,192.0,353.5,334.5,413.0,399.5,275.0,273.4,252.6969696969697,244.0909090909091,B
296,338,311.0,319.0,361.0,276.0,276.0,246.0,323.0,303.0,307.0,238.0,238.0,307.0,373.0,365.0,346.0,469.0,407.0,285.0,258.8,248.3939393939394,246.1818181818182,B
323,284,273.0,342.0,403.0,334.0,396.0,419.0,338.0,415.0,423.0,338.0,326.0,261.0,215.0,238.0,153.0,138.0,382.6666666666667,295.0,244.2,244.0909090909091,248.27272727272728,B
176,76,188.0,207.0,288.0,442.0,353.0,396.0,407.0,261.0,288.0,261.0,357.0,273.0,211.0,392.0,226.0,228.5,358.3333333333333,305.0,229.6,239.78787878787878,250.36363636363637,B
365,311,353.0,246.0,326.0,303.0,334.0,369.0,307.0,384.0,373.0,303.0,269.0,323.0,365.0,242.0,357.0,319.0,334.0,315.0,215.0,235.4848484848485,252.45454545454544,B
273,288,161.0,257.0,238.0,169.0,157.0,173.0,211.0,273.0,323.0,311.0,346.0,357.0,353.0,365.0,219.0,284.0,290.0,276.5,216.92857142857142,231.1818181818182,254.54545454545453,B
165,226,238.0,373.0,219.0,423.0,323.0,276.0,384.0,446.0,403.0,257.0,284.0,361.0,315.0,307.0,326.0,284.0,246.0,238.0,218.85714285714286,226.87878787878788,256.6363636363636,B
361,315,357.0,211.0,234.0,323.0,426.0,469.0,292.0,288.0,276.0,307.0,299.5,376.5,349.5,305.0,266.5,324.5,206.0,215.0,220.78571428571428,222.57575757575756,258.72727272727275,B
307,242,323.0,284.0,284.0,334.0,326.0,353.0,376.0,234.0,311.0,342.0,315.0,392.0,384.0,303.0,207.0,365.0,166.0,192.0,222.71428571428572,218.27272727272728,260.8181818181818,B
373,376,365.0,319.0,273.0,342.0,303.0,357.0,411.0,434.0,469.0,384.0,365.0,353.0,311.0,346.0,307.0,307.0,126.0,169.0,224.64285714285714,213.96969696969697,262.9090909090909,B
219,246,276.0,273.0,338.0,396.0,315.0,488.0,369.0,384.0,369.0,423.0,376.0,307.0,265.0,357.0,269.0,303.0,199.5,146.0,226.57142857142858,209.66666666666669,265.0,B
257,211,246.0,334.0,303.0,342.0,196.0,292.0,253.0,303.0,342.0,442.0,384.0,457.0,492.0,423.0,407.0,357.0,273.0,123.0,228.5,205.36363636363637,267.09090909090907,B
115,338,196.0,376.0,334.0,219.0,403.0,373.0,426.0,292.0,346.0,246.0,292.0,311.0,211.0,226.0,269.0,226.0,260.0,140.57142857142858,230.42857142857142,201.06060606060606,269.1818181818182,B
388,415,288.0,369.0,326.0,246.0,215.0,326.0,384.0,323.0,169.0,384.0,234.0,276.0,169.0,176.0,286.0,211.0,247.0,158.14285714285714,232.35714285714286,196.75757575757575,271.27272727272725,B
261,411,357.0,384.0,365.0,334.0,261.0,334.0,284.0,276.0,373.0,276.0,319.0,261.0,273.0,315.0,303.0,196.0,234.0,175.71428571428572,234.28571428571428,192.45454545454544,273.3636363636364,B
234,338,373.0,273.0,442.0,269.0,438.0,246.0,407.0,261.0,242.0,238.0,276.0,342.0,269.0,188.0,294.0,226.66666666666666,245.66666666666666,193.28571428571428,236.21428571428572,188.15151515151516,275.45454545454544,B
423,476,288.0,261.0,373.0,284.0,292.0,369.0,246.0,242.0,296.0,196.0,188.0,288.0,338.0,247.5,285.0,257.3333333333333,257.3333333333333,210.85714285714286,238.14285714285714,183.84848484848487,277.54545454545456,B
242,211,419.0,315.0,303.0,334.0,361.0,403.0,338.0,276.0,346.0,396.0,369.0,234.0,407.0,307.0,276.0,288.0,269.0,228.42857142857144,240.07142857142858,179.54545454545456,279.6363636363636,B
323,442,334.0,315.0,215.0,173.0,261.0,165.0,307.0,188.0,357.0,311.0,392.0,276.0,319.0,242.0,373.0,188.0,265.0,246.0,242.0,175.24242424242425,281.72727272727275,B
296,315,384.0,311.0,369.0,326.0,292.0,415.0,292.0,419.0,292.0,426.0,311.0,376.0,376.0,465.0,419.0,461.0,396.0,235.66666666666666,252.83333333333334,170.93939393939394,283.8181818181818,B
334,369,296.0,315.0,369.0,234.0,246.0,153.0,257.0,257.0,296.0,261.0,234.0,207.0,253.0,242.0,192.0,219.0,226.0,225.33333333333334,263.6666666666667,166.63636363636363,285.9090909090909,B
434,319,326.0,265.0,365.0,323.0,407.0,142.0,34.0,88.0,161.0,265.0,92.0,211.0,396.0,234.0,274.5,238.0,272.3333333333333,215.0,274.5,162.33333333333334,288.0,B
284,284,423.0,369.0,388.0,307.0,188.0,161.0,269.0,392.0,238.0,265.0,369.0,234.0,223.0,226.0,357.0,257.0,318.6666666666667,204.66666666666666,285.3333333333333,158.03030303030303,290.09090909090907,B
346,442,288.0,323.0,307.0,396.0,307.0,276.0,261.0,338.0,315.0,296.0,326.0,342.0,219.0,288.0,319.0,323.0,365.0,194.33333333333331,296.1666666666667,153.72727272727275,292.1818181818182,B
88,261,434.0,342.0,403.0,292.0,169.0,384.0,288.0,415.0,392.0,465.0,346.0,315.0,403.0,253.0,376.0,192.0,303.0,184.0,307.0,149.42424242424244,294.27272727272725,B
261,488,342.0,373.0,253.0,438.0,211.0,361.0,146.0,357.0,238.0,407.0,253.0,423.0,342.0,215.0,323.0,223.0,319.0,115.0,292.0,145.12121212121212,296.3636363636364,B
238,423,207.0,323.0,242.0,323.0,284.0,369.0,107.0,346.0,242.0,142.0,311.0,303.0,384.0,188.0,353.0,223.0,296.0,365.0,291.42857142857144,140.8181818181818,298.45454545454544,B
319,319,434.0,342.0,403.0,242.0,376.0,276.0,319.0,388.0,342.0,442.0,311.0,338.0,192.0,357.0,261.0,273.0,284.3333333333333,368.8333333333333,290.85714285714283,136.51515151515153,300.54545454545456,B
369,465,319.0,407.0,211.0,173.0,261.0,322.5,332.5,367.0,305.5,357.5,353.5,301.5,228.5,326.5,301.5,288.0,272.6666666666667,372.6666666666667,290.2857142857143,132.21212121212122,302.6363636363636,B
196,311,361.0,361.0,396.0,326.0,369.0,369.0,346.0,346.0,269.0,273.0,396.0,265.0,265.0,296.0,342.0,303.0,261.0,376.5,289.7142857142857,127.9090909090909,304.72727272727275,B
269,403,365.0,361.0,353.0,307.0,465.0,346.0,353.0,338.0,365.0,273.0,353.0,234.0,357.0,317.0,319.0,293.5,226.5,380.3333333333333,289.14285714285717,123.60606060606062,306.8181818181818,B
303,392,284.0,303.0,265.0,365.0,403.0,276.0,353.0,273.0,307.0,219.0,323.0,161.0,123.0,338.0,296.0,284.0,192.0,384.1666666666667,288.57142857142856,119.30303030303031,308.9090909090909,B
311,207,307.0,211.0,373.0,273.0,388.0,192.0,334.0,303.0,373.0,219.0,403.0,403.0,315.0,403.0,307.0,396.0,169.0,388.0,288.0,115.0,311.0,B
457,338,438.0,203.0,238.0,361.0,269.0,426.0,165.0,326.0,165.0,423.0,234.0,396.0,269.0,446.0,419.0,203.0,346.0,372.6363636363636,287.75,128.9375,308.16129032258067,B
334,496,307.0,415.0,265.0,411.0,223.0,276.0,215.0,319.0,203.0,407.0,253.0,373.0,196.0,388.0,311.0,215.0,344.6666666666667,357.27272727272725,287.5,142.875,305.3225806451613,B
253,326,261.0,296.0,365.0,276.0,461.0,273.0,396.0,319.0,273.0,92.0,276.0,153.0,238.0,423.0,346.0,296.0,343.3333333333333,341.9090909090909,287.25,156.8125,302.48387096774195,B
388,261,365.0,284.0,373.0,353.0,407.0,284.0,361.0,269.0,273.0,384.0,488.0,357.0,265.0,203.0,261.0,184.0,342.0,326.54545454545456,287.0,170.75,299.64516129032256,B
219,284,342.0,242.0,269.0,184.0,315.0,223.0,303.0,157.0,257.0,169.0,373.0,347.5,267.6666666666667,241.66666666666666,313.6666666666667,234.0,340.6666666666667,311.1818181818182,286.75,184.6875,296.80645161290323,B
415,292,265.0,273.0,334.0,342.0,315.0,234.0,88.0,119.0,246.0,357.0,376.0,338.0,270.3333333333333,280.3333333333333,366.3333333333333,284.0,339.3333333333333,295.8181818181818,286.5,198.625,293.9677419354839,B
434,342,369.0,492.0,465.0,419.0,307.0,296.0,238.0,157.0,238.0,319.0,96.0,119.0,273.0,319.0,419.0,334.0,338.0,280.45454545454544,286.25,212.5625,291.1290322580645,B
426,346,407.0,392.0,465.0,346.0,353.0,203.0,338.0,146.0,88.0,169.0,238.0,323.0,396.0,392.0,378.5,309.0,331.25,265.0909090909091,286.0,226.5,288.2903225806452,B
388,338,238.0,338.0,303.0,276.0,284.0,338.0,392.0,446.0,388.0,369.0,334.0,369.0,353.0,334.0,338.0,284.0,324.5,249.72727272727272,285.75,240.4375,285.4516129032258,B
319,442,334.0,403.0,326.0,461.0,361.0,434.0,419.0,411.0,203.0,257.0,138.0,253.0,253.0,323.0,242.0,222.5,317.75,234.36363636363637,285.5,254.375,282.61290322580646,B
292,296,326.0,315.0,176.0,242.0,307.0,269.0,284.0,288.0,465.0,292.0,292.0,215.0,265.0,165.0,253.0,161.0,311.0,219.0,285.25,268.3125,279.7741935483871,B
326,473,307.0,342.0,334.0,265.0,384.0,484.0,315.0,257.0,265.0,315.0,323.0,286.0,311.0,226.5,230.0,193.5,249.5,245.75,285.0,282.25,276.93548387096774,B
396,315,161.0,215.0,415.0,496.0,484.0,396.0,276.0,292.0,384.0,442.0,292.0,357.0,357.0,288.0,207.0,226.0,188.0,272.5,284.75,296.1875,274.0967741935484,B
303,223,188.0,307.0,253.0,323.0,311.0,257.0,292.0,276.0,411.0,326.0,342.0,261.0,353.0,273.0,238.0,288.0,442.0,299.25,284.5,310.125,271.258064516129,B
288,288,315.0,476.0,357.0,323.0,357.0,369.0,369.0,342.0,196.0,265.0,238.0,246.0,242.0,215.0,265.0,246.0,307.0,326.0,284.25,324.0625,268.4193548387097,B
396,376,338.0,273.0,446.0,273.0,369.0,373.0,442.0,261.0,284.0,284.0,284.0,311.0,392.0,276.0,292.0,211.0,265.0,334.0,284.0,338.0,265.5806451612903,B
257,319,226.0,307.0,253.0,357.0,265.0,196.0,361.0,376.0,415.0,376.0,357.0,276.0,234.0,307.0,288.0,253.0,253.0,286.0,303.3333333333333,312.3333333333333,262.741935483871,B
246,338,303.0,403.0,338.0,219.0,361.0,192.0,269.0,357.0,253.0,342.0,346.0,296.0,292.0,196.0,373.0,238.0,246.0,238.0,322.6666666666667,286.6666666666667,259.9032258064516,B
219,211,342.0,184.0,326.0,365.0,361.0,373.0,326.0,361.0,226.0,403.0,273.0,334.0,311.0,473.0,411.0,319.0,346.0,434.0,342.0,261.0,257.06451612903226,B
315,269,388.0,338.0,334.0,384.0,311.0,423.0,307.0,246.0,373.0,326.0,315.0,261.0,423.0,292.0,303.0,338.0,276.0,361.0,331.57142857142856,254.91666666666666,254.2258064516129,B
269,357,338.0,353.0,315.0,261.0,157.0,134.0,338.0,234.0,292.0,223.0,273.0,288.0,296.0,357.0,315.0,338.0,281.1666666666667,357.1666666666667,321.14285714285717,248.83333333333334,251.38709677419354,B
346,353,184.0,273.0,315.0,438.0,323.0,411.0,396.0,438.0,357.0,365.0,357.0,419.0,396.0,457.0,284.0,338.0,286.3333333333333,353.3333333333333,310.7142857142857,242.75,248.5483870967742,B
292,207,234.0,288.0,369.0,311.0,338.0,353.0,269.0,292.0,353.0,442.0,307.0,369.0,346.0,276.0,276.0,313.0,291.5,349.5,300.2857142857143,236.66666666666666,245.70967741935482,B
338,265,346.0,388.0,223.0,311.0,211.0,207.0,338.0,423.0,465.0,319.0,442.0,438.0,453.0,388.0,342.0,288.0,296.6666666666667,345.6666666666667,289.85714285714283,230.58333333333334,242.8709677419355,B
188,226,315.0,342.0,319.0,269.0,361.0,373.0,488.0,457.0,315.0,303.0,119.0,119.0,407.0,328.5,338.0,297.5,301.8333333333333,341.8333333333333,279.42857142857144,224.5,240.03225806451613,B
173,192,307.0,296.0,303.0,269.0,153.0,315.0,365.0,338.0,461.0,388.0,338.0,323.0,361.0,269.0,334.0,307.0,307.0,338.0,269.0,218.41666666666669,237.19354838709677,B
392,342,323.0,434.0,342.0,265.0,288.0,484.0,373.0,496.0,346.0,292.0,465.0,346.0,469.0,384.0,369.0,269.0,245.5,301.5,257.4,212.33333333333334,234.3548387096774,B
311,423,342.0,346.0,292.0,253.0,265.0,326.0,292.0,426.0,426.0,361.0,269.0,369.0,288.0,365.0,311.0,338.0,184.0,265.0,245.8,206.25,231.51612903225805,B
323,323,365.0,326.0,353.0,353.0,319.0,346.0,415.0,334.0,334.0,253.0,311.0,338.0,265.0,334.0,376.0,361.0,227.66666666666666,234.33333333333334,234.2,200.16666666666669,228.67741935483872,B
269,376,253.0,296.0,423.0,407.0,434.0,369.0,315.0,342.0,392.0,376.0,392.0,407.0,338.0,328.5,361.0,286.0,271.3333333333333,203.66666666666666,222.6,194.08333333333334,225.83870967741933,B
338,315,384.0,307.0,342.0,242.0,261.0,242.0,242.0,338.0,353.0,326.0,442.0,369.0,376.0,323.0,346.0,211.0,315.0,173.0,211.0,188.0,223.0,B
261,315,296.0,261.0,326.0,265.0,346.0,353.0,326.0,242.0,303.0,265.0,265.0,238.0,288.0,298.0,315.0,259.0,284.0,163.0,211.0,209.25,248.75,B
253,296,257.0,338.0,346.0,361.0,315.0,365.0,288.0,346.0,342.0,403.0,373.0,353.0,307.0,273.0,284.0,307.0,253.0,153.0,211.0,230.5,274.5,B
365,315,303.0,242.0,315.0,326.0,265.0,311.0,342.0,353.0,315.0,315.0,338.0,296.0,284.0,196.0,315.0,305.0,318.5,195.5,265.0,251.75,300.25,B
265,203,303.0,169.0,265.0,265.0,338.0,292.0,388.0,296.0,292.0,338.0,273.0,261.0,326.0,253.0,346.0,303.0,384.0,238.0,319.0,273.0,326.0,B
288,338,192.0,284.0,303.0,257.0,257.0,273.0,315.0,315.0,323.0,311.0,392.0,411.0,307.0,242.0,323.0,288.0,203.0,288.0,315.0,299.5,299.5,B
284,284,388.0,361.0,376.0,276.0,334.0,265.0,246.0,269.0,311.0,261.0,288.0,338.0,376.0,303.0,284.0,407.0,334.0,338.0,311.0,326.0,273.0,B
334,396,411.0,415.0,384.0,338.0,238.0,234.0,369.0,376.0,376.0,292.0,292.0,334.0,373.0,319.0,261.0,315.0,342.0,257.0,311.0615384615385,323.81538461538463,273.0,B
184,442,403.0,323.0,311.0,273.0,276.0,284.0,232.5,216.5,284.0,222.5,292.0,345.5,432.5,346.0,293.5,318.6666666666667,302.3333333333333,258.3333333333333,311.12307692307695,321.6307692307692,273.0,B
323,353,288.0,161.0,242.0,303.0,269.0,161.0,96.0,57.0,192.0,153.0,292.0,357.0,492.0,373.0,326.0,322.3333333333333,262.6666666666667,259.6666666666667,311.18461538461537,319.44615384615383,273.0,B
292,265,415.0,396.0,323.0,269.0,157.0,211.0,292.0,119.0,242.0,223.0,315.0,284.0,357.0,323.0,246.0,326.0,223.0,261.0,311.24615384615385,317.26153846153846,273.0,B
303,423,465.0,465.0,311.0,326.0,288.0,334.0,146.0,234.0,311.0,388.0,296.0,296.0,338.0,269.0,369.0,276.0,334.0,262.3333333333333,311.3076923076923,315.0769230769231,273.0,B
273,357,311.0,446.0,303.0,307.0,34.0,173.0,138.0,415.0,369.0,403.0,323.0,357.0,407.0,261.0,288.0,280.0,344.8,263.6666666666667,311.3692307692308,312.89230769230767,273.0,B
261,311,434.0,292.0,411.0,184.0,311.0,169.0,388.0,265.0,411.0,253.0,319.0,284.0,238.0,338.0,207.0,284.0,355.6,265.0,311.4307692307692,310.7076923076923,273.0,B
226,403,284.0,403.0,284.0,373.0,192.0,307.0,311.0,315.0,426.0,276.0,261.0,261.0,342.0,242.0,415.0,288.0,366.4,266.3333333333333,311.4923076923077,308.5230769230769,273.0,B
423,453,296.0,365.0,273.0,346.0,303.0,361.0,434.0,296.0,438.0,373.0,426.0,476.0,342.0,303.5,345.5,249.5,377.2,267.6666666666667,311.55384615384617,306.33846153846156,273.0,B
407,288,296.0,211.0,315.0,326.0,253.0,376.0,276.0,319.0,173.0,284.0,292.0,346.0,269.0,365.0,276.0,211.0,388.0,269.0,311.61538461538464,304.15384615384613,273.0,B
319,319,384.0,269.0,192.0,361.0,273.0,288.0,423.0,369.0,173.0,257.0,373.0,257.0,311.0,269.0,184.0,267.0,363.0,228.5,311.67692307692306,301.96923076923076,273.0,B
169,265,238.0,342.0,265.0,365.0,365.0,473.0,365.0,265.0,292.0,438.0,488.0,438.0,373.0,265.0,323.0,323.0,338.0,188.0,311.73846153846154,299.7846153846154,273.0,B
346,326,276.0,334.0,307.0,257.0,257.0,346.0,342.0,326.0,342.0,296.0,334.0,292.0,326.0,288.0,288.0,226.0,349.6,212.6,311.8,297.6,273.0,B
242,323,334.0,361.0,303.0,257.0,238.0,311.0,265.0,261.0,369.0,307.0,323.0,388.0,388.0,415.0,342.0,276.0,361.2,237.2,311.8615384615385,295.4153846153846,273.0,B
376,369,411.0,346.0,353.0,342.0,346.0,334.0,284.0,319.0,338.0,353.0,407.0,369.0,311.0,357.0,346.0,373.0,372.8,261.8,311.9230769230769,293.2307692307692,273.0,B
373,253,307.0,392.0,357.0,276.0,238.0,353.0,311.0,361.0,342.0,369.0,276.0,253.0,342.0,299.5,371.0,344.0,384.4,286.4,311.9846153846154,291.04615384615386,273.0,B
184,334,396.0,334.0,384.0,303.0,307.0,376.0,423.0,403.0,315.0,392.0,407.0,338.0,296.0,242.0,396.0,315.0,396.0,311.0,312.04615384615386,288.8615384615385,273.0,B
311,346,269.0,361.0,242.0,407.0,273.0,369.0,215.0,357.0,319.0,361.0,357.0,311.0,338.0,192.0,246.0,276.0,382.0,314.22222222222223,312.10769230769233,286.67692307692306,273.0,B
223,319,288.0,396.0,288.0,411.0,169.0,192.0,284.0,296.0,426.0,323.0,384.0,384.0,396.0,369.0,357.0,293.5,368.0,317.44444444444446,312.16923076923075,284.4923076923077,273.0,B
315,396,265.0,373.0,326.0,384.0,323.0,392.0,111.0,242.0,176.0,338.0,323.0,284.0,273.0,387.0,326.3333333333333,311.0,354.0,320.6666666666667,312.2307692307692,282.3076923076923,273.0,B
146,238,259.0,374.5,345.5,436.0,315.0,430.5,226.5,353.5,270.5,345.5,198.0,240.0,284.5,405.0,295.6666666666667,328.5,340.0,323.8888888888889,312.2923076923077,280.12307692307695,273.0,B
119,357,253.0,376.0,365.0,488.0,307.0,469.0,342.0,465.0,365.0,353.0,73.0,196.0,296.0,423.0,265.0,346.0,326.0,327.1111111111111,312.3538461538462,277.9384615384615,273.0,B
442,442,326.0,65.0,211.0,192.0,307.0,207.0,215.0,153.0,192.0,303.0,373.0,346.0,311.0,393.5,240.0,333.8333333333333,307.5,330.3333333333333,312.4153846153846,275.75384615384615,273.0,B
303,392,434.0,365.0,396.0,303.0,253.0,315.0,326.0,346.0,346.0,192.0,53.0,296.0,278.5,364.0,215.0,321.6666666666667,289.0,333.55555555555554,312.4769230769231,273.5692307692308,273.0,B
376,365,361.0,411.0,361.0,365.0,315.0,284.0,307.0,269.0,388.0,261.0,242.0,246.0,246.0,334.5,190.0,309.5,270.5,336.77777777777777,312.53846153846155,271.38461538461536,273.0,B
396,457,346.0,357.0,334.0,215.0,292.0,203.0,211.0,346.0,269.0,307.0,296.0,319.0,338.0,305.0,165.0,297.3333333333333,252.0,340.0,312.6,269.2,273.0,B
411,446,326.0,234.0,295.5,209.0,247.5,211.0,190.0,282.5,194.0,230.0,265.0,236.0,226.5,275.5,140.0,285.1666666666667,233.5,343.22222222222223,312.66153846153844,267.0153846153846,273.0,B
142,215,196.0,265.0,257.0,203.0,203.0,219.0,169.0,219.0,119.0,153.0,234.0,153.0,115.0,246.0,115.0,273.0,215.0,346.44444444444446,312.7230769230769,264.83076923076925,273.0,B
223,184,207.0,123.0,184.0,192.0,161.0,184.0,219.0,315.0,319.0,246.0,307.0,261.0,303.0,334.0,244.0,257.5,234.0,349.6666666666667,312.7846153846154,262.6461538461539,273.0,B
323,276,361.0,338.0,311.0,242.0,288.0,303.0,338.0,326.0,403.0,403.0,342.0,269.0,288.0,288.0,373.0,242.0,253.0,352.8888888888889,312.84615384615387,260.46153846153845,273.0,B
276,242,311.0,273.0,253.0,288.0,338.0,319.0,376.0,384.0,476.0,476.0,465.0,476.0,461.0,342.0,307.0,253.0,265.0,356.1111111111111,312.9076923076923,258.2769230769231,273.0,B
346,261,269.0,238.0,226.0,261.0,296.0,303.0,257.0,284.0,273.0,334.0,311.0,384.0,338.0,296.0,323.0,292.0,315.0,359.3333333333333,312.96923076923076,256.0923076923077,273.0,B
269,319,261.0,357.0,246.0,323.0,303.0,334.0,403.0,465.0,469.0,465.0,484.0,407.0,388.0,342.0,323.0,269.0,306.0,362.55555555555554,313.03076923076924,253.90769230769232,273.0,B
211,284,188.0,276.0,211.0,323.0,288.0,323.0,311.0,346.0,323.0,323.0,434.0,461.0,411.0,461.0,457.0,438.0,297.0,365.77777777777777,313.0923076923077,251.72307692307692,273.0,B
169,257,215.0,269.0,173.0,303.0,176.0,246.0,238.0,342.0,265.0,326.0,219.0,288.0,269.0,365.0,319.0,407.0,288.0,369.0,313.15384615384613,249.53846153846155,273.0,B
315,373,257.0,488.0,457.0,415.0,203.0,426.0,223.0,315.0,223.0,42.0,196.0,276.5,207.5,351.5,282.5,397.5,274.5,390.0,313.2153846153846,247.35384615384618,273.0,B
238,84,234.0,146.0,38.0,173.0,188.0,69.0,226.0,326.0,134.0,257.0,173.0,265.0,146.0,338.0,246.0,388.0,261.0,411.0,313.2769230769231,245.16923076923078,273.0,B
376,176,392.0,242.0,403.0,273.0,373.0,184.0,146.0,292.0,123.0,353.0,257.0,396.0,315.0,345.5,209.5,378.5,247.5,432.0,313.33846153846156,242.98461538461538,273.0,B
465,307,403.0,184.0,334.0,265.0,403.0,369.0,392.0,407.0,234.0,323.0,192.0,403.0,292.0,353.0,173.0,369.0,234.0,453.0,313.4,240.8,273.0,B
292,415,296.0,369.0,207.0,423.0,269.0,384.0,238.0,392.0,203.0,353.0,419.0,242.0,376.0,219.0,334.0,184.0,334.0,226.0,313.46153846153845,238.61538461538464,273.0,B
465,484,465.0,238.0,238.0,19.0,234.0,196.0,307.0,238.0,315.0,176.0,342.0,319.0,322.5,269.0,341.6666666666667,229.0,336.6666666666667,262.0,313.5230769230769,236.43076923076924,273.0,B
365,342,296.0,365.0,238.0,269.0,284.0,203.0,211.0,257.0,226.0,161.0,219.0,173.0,269.0,319.0,349.3333333333333,274.0,339.3333333333333,298.0,313.5846153846154,234.24615384615385,273.0,B
407,415,338.0,257.0,246.0,334.0,338.0,273.0,284.0,319.0,223.0,326.0,346.0,269.0,369.0,276.0,357.0,319.0,342.0,334.0,313.6461538461538,232.06153846153848,273.0,B
469,334,226.0,161.0,134.0,203.0,223.0,234.0,242.0,215.0,165.0,324.5,324.5,260.0,359.8,297.6,347.8,302.8,346.15384615384613,328.40909090909093,313.7076923076923,229.8769230769231,273.0,B
269,323,323.0,269.0,188.0,207.0,234.0,246.0,61.0,138.0,269.0,323.0,303.0,251.0,350.6,319.2,338.6,286.6,350.3076923076923,322.8181818181818,313.7692307692308,227.6923076923077,273.0,B
434,392,353.0,353.0,292.0,173.0,119.0,119.0,107.0,188.0,265.0,257.0,265.0,242.0,341.4,340.8,329.4,270.4,354.46153846153845,317.22727272727275,313.83076923076925,225.5076923076923,273.0,B
323,396,384.0,365.0,388.0,396.0,369.0,357.0,111.0,146.0,153.0,153.0,138.0,219.0,332.2,362.4,320.2,254.2,358.61538461538464,311.6363636363636,313.89230769230767,223.32307692307694,273.0,B
376,365,365.0,323.0,365.0,388.0,284.0,292.0,419.0,338.0,323.0,384.0,357.0,346.0,323.0,384.0,311.0,238.0,362.7692307692308,306.04545454545456,313.95384615384614,221.13846153846154,273.0,B
315,384,265.0,234.0,342.0,223.0,342.0,269.0,376.0,296.0,334.0,338.0,253.0,331.6666666666667,324.0,352.0,306.0,276.3333333333333,366.9230769230769,300.45454545454544,314.0153846153846,218.95384615384614,273.0,B
234,176,288.0,446.0,357.0,261.0,288.0,203.0,257.0,373.0,240.0,295.5,213.0,317.3333333333333,325.0,320.0,301.0,314.6666666666667,371.0769230769231,294.8636363636364,314.0769230769231,216.76923076923077,273.0,B
265,426,346.0,353.0,284.0,326.0,215.0,315.0,203.0,246.0,146.0,253.0,173.0,303.0,326.0,288.0,296.0,353.0,375.2307692307692,289.27272727272725,314.1384615384615,214.5846153846154,273.0,B
442,369,323.0,403.0,296.0,369.0,273.0,361.0,326.0,92.0,73.0,92.0,307.0,461.0,361.0,286.6666666666667,308.6666666666667,334.6,379.38461538461536,283.6818181818182,314.2,212.4,273.0,B
484,426,173.0,323.0,73.0,234.0,123.0,203.0,92.0,396.0,288.0,373.0,226.0,238.0,415.0,285.3333333333333,321.3333333333333,316.2,383.53846153846155,278.0909090909091,314.26153846153846,210.2153846153846,273.0,B
219,315,361.0,265.0,261.0,296.0,184.0,265.0,157.0,203.0,7.0,115.0,84.0,492.0,353.0,284.0,334.0,297.8,387.6923076923077,272.5,314.32307692307694,208.03076923076924,273.0,B
376,411,365.0,246.0,96.0,265.0,157.0,296.0,180.0,293.5,116.5,134.0,226.5,359.0,378.0,263.0,386.0,279.4,391.84615384615387,266.9090909090909,314.38461538461536,205.84615384615387,273.0,B
438,284,469.0,265.0,426.0,284.0,423.0,265.0,203.0,384.0,226.0,153.0,369.0,226.0,403.0,242.0,438.0,261.0,396.0,261.3181818181818,314.44615384615383,203.66153846153847,273.0,B
484,307,392.0,269.0,392.0,169.0,303.0,384.0,296.0,469.0,319.0,434.0,257.0,272.5,359.0,247.5,447.5,254.0,366.2857142857143,255.72727272727275,314.5076923076923,201.47692307692307,273.0,B
261,457,288.0,465.0,269.0,496.0,315.0,403.0,384.0,142.0,242.0,211.0,473.0,319.0,315.0,253.0,457.0,247.0,336.57142857142856,250.13636363636363,314.5692307692308,199.2923076923077,273.0,B
296,253,426.0,284.0,419.0,265.0,415.0,261.0,276.0,292.0,134.0,307.0,426.0,265.0,434.0,315.0,446.0,240.0,306.8571428571429,244.54545454545456,314.6307692307692,197.10769230769233,273.0,B
442,403,88.0,88.0,157.0,65.0,242.0,115.0,284.0,313.0,70.5,190.0,391.5,269.0,405.0,274.5,399.5,233.0,277.1428571428571,238.95454545454544,314.6923076923077,194.92307692307693,273.0,B
223,403,276.0,438.0,296.0,423.0,296.0,426.0,292.0,334.0,7.0,73.0,357.0,273.0,376.0,234.0,353.0,226.0,247.42857142857142,233.36363636363637,314.75384615384615,192.73846153846156,273.0,B
442,469,476.0,426.0,338.0,273.0,261.0,418.5,338.0,299.5,126.5,165.0,309.0,257.5,316.5,278.5,322.5,247.5,217.71428571428572,227.77272727272728,314.81538461538463,190.55384615384617,273.0,B
211,307,269.0,211.0,203.0,184.0,326.0,411.0,384.0,265.0,246.0,257.0,261.0,242.0,257.0,323.0,292.0,269.0,188.0,222.1818181818182,314.87692307692305,188.3692307692308,273.0,B
188,219,273.0,253.0,234.0,265.0,246.0,326.0,323.0,357.0,411.0,392.0,407.0,461.0,388.0,265.0,265.0,253.0,245.5,216.5909090909091,314.9384615384615,186.1846153846154,273.0,B
342,303,346.0,269.0,384.0,323.0,353.0,226.0,234.0,388.0,396.0,469.0,334.0,265.0,292.0,173.0,276.0,276.0,303.0,211.0,315.0,184.0,273.0,B
388,342,326.0,434.0,326.0,411.0,357.0,442.0,315.0,246.0,307.0,219.0,303.0,296.0,296.0,248.0,336.0,322.3333333333333,303.0,211.0,315.0,184.0,273.0,B
242,338,296.0,419.0,346.0,407.0,384.0,461.0,403.0,365.0,392.0,376.0,284.0,403.0,323.0,323.0,396.0,368.6666666666667,303.0,211.0,315.0,184.0,273.0,B
276,376,376.0,276.0,411.0,303.0,396.0,492.0,369.0,396.0,342.0,411.0,319.0,434.0,319.0,342.0,257.0,415.0,303.0,211.0,315.0,184.0,273.0,B
369,438,342.0,484.0,346.0,461.0,419.0,446.0,353.0,188.0,323.0,215.0,334.0,142.0,257.0,342.0,257.0,415.0,303.0,211.0,315.0,184.0,273.0,B
365,334,134.0,323.0,169.0,357.0,357.0,469.0,326.0,419.0,196.0,326.0,119.0,288.0,84.0,342.0,257.0,415.0,303.0,211.0,315.0,184.0,273.0,B
