1,2,3,4,5,6,7,8,9,10,11,12,13,14,15,16,17,18,19,20,21,22,23,24,25,26,27,label
238,203,242,173,234,292,438.0,426.0,465.0,365.0,476.0,461.0,469.0,415.0,338.0,261.0,338.0,326.0,0.0,0.0,0.0,0.0,0.0,0.0,0.0,0.0,0.0,C
365,365,338,207,315,273,215.0,269.0,296.0,315.0,338.0,353.0,307.0,338.0,257.0,315.0,223.0,292.0,246.0,0.0,0.0,0.0,0.0,0.0,0.0,0.0,0.0,C
269,311,276,261,246,323,173.0,342.0,373.0,361.0,415.0,334.0,226.0,288.0,238.0,334.0,269.0,230.5,240.0,0.0,0.0,0.0,0.0,0.0,0.0,0.0,0.0,C
396,326,215,223,338,338,269.0,288.0,411.0,361.0,411.0,261.0,388.0,253.0,284.0,376.0,315.0,169.0,234.0,196.0,0.0,0.0,0.0,0.0,0.0,0.0,0.0,C
257,326,369,269,292,292,253.0,365.0,361.0,376.0,369.0,388.0,319.0,242.0,238.0,211.0,265.0,261.0,261.0,218.2,0.0,0.0,0.0,0.0,0.0,0.0,0.0,C
342,346,311,307,315,311,346.0,161.0,226.0,253.0,284.0,442.0,342.0,369.0,357.0,292.0,373.0,353.0,288.0,240.4,0.0,0.0,0.0,0.0,0.0,0.0,0.0,C
257,296,296,219,211,292,392.0,369.0,357.0,334.0,253.0,419.0,365.0,446.0,415.0,476.0,319.0,321.0,284.0,262.6,0.0,0.0,0.0,0.0,0.0,0.0,0.0,C
246,319,265,292,353,188,276.0,161.0,173.0,169.0,319.0,253.0,365.0,342.0,323.0,315.0,265.0,289.0,280.0,284.8,0.0,0.0,0.0,0.0,0.0,0.0,0.0,C
288,303,284,257,223,215,115.0,115.0,319.0,238.0,326.0,357.0,384.0,253.0,273.0,315.0,192.0,257.0,276.0,307.0,261.0,323.0,311.0,369.0,0.0,0.0,0.0,C
311,284,319,334,303,169,169.0,215.0,257.0,311.0,73.0,257.0,326.0,292.0,326.0,257.0,231.66666666666666,299.3333333333333,301.6666666666667,322.3333333333333,263.6666666666667,299.6666666666667,302.0,343.3333333333333,0.0,0.0,0.0,C
207,269,242,246,307,342,296.0,142.0,246.0,353.0,419.0,423.0,353.0,338.0,370.5,326.5,271.3333333333333,341.6666666666667,327.3333333333333,337.6666666666667,266.3333333333333,276.3333333333333,293.0,317.6666666666667,0.0,0.0,0.0,C
353,361,334,303,296,384,334.0,315.0,261.0,226.0,257.0,311.0,319.0,384.0,415.0,396.0,311.0,384.0,353.0,353.0,269.0,253.0,284.0,292.0,0.0,0.0,0.0,C
261,223,276,257,261,223,203.0,276.0,334.0,392.0,296.0,303.0,373.0,307.0,307.0,374.5,376.5,415.0,386.0,325.0,261.3333333333333,250.5,283.6,292.21794871794873,0.0,0.0,0.0,C
296,357,373,261,288,292,219.0,276.0,338.0,269.0,407.0,388.0,423.0,334.0,392.0,353.0,442.0,446.0,419.0,297.0,253.66666666666666,248.0,283.2,292.43589743589746,0.0,0.0,0.0,C
311,265,326,307,315,303,292.0,165.0,215.0,107.0,142.0,242.0,373.0,369.0,388.0,353.0,442.0,442.0,334.0,269.0,246.0,245.5,282.8,292.65384615384613,0.0,0.0,0.0,C
307,288,315,188,303,303,357.0,269.0,361.0,403.0,346.0,353.0,361.0,357.0,319.0,261.0,392.0,284.0,330.0,288.0,248.71428571428572,243.0,282.4,292.87179487179486,0.0,0.0,0.0,C
269,276,338,334,307,288,334.0,261.0,357.0,403.0,457.0,419.0,496.0,384.0,419.0,338.0,323.0,261.0,326.0,307.0,251.42857142857142,240.5,282.0,293.0897435897436,0.0,0.0,0.0,C
261,296,246,342,211,311,342.0,319.0,384.0,365.0,376.0,392.0,353.0,407.0,376.0,377.6666666666667,340.6666666666667,286.0,325.4,313.2,254.14285714285714,238.0,281.6,293.3076923076923,0.0,0.0,0.0,C
276,284,338,265,246,253,242.0,269.0,357.0,396.0,373.0,323.0,319.0,269.0,426.0,417.3333333333333,358.3333333333333,311.0,324.8,319.4,256.85714285714283,235.5,281.2,293.52564102564105,0.0,0.0,0.0,C
207,196,269,303,284,284,407.0,361.0,369.0,365.0,361.0,192.0,276.0,357.0,403.0,457.0,376.0,336.0,324.2,325.6,259.57142857142856,233.0,280.8,293.7435897435897,0.0,0.0,0.0,C
296,326,246,269,276,246,269.0,384.0,426.0,392.0,353.0,376.0,373.0,484.0,438.0,426.0,284.0,361.0,323.6,331.8,262.2857142857143,230.5,280.4,293.96153846153845,0.0,0.0,0.0,C
323,342,234,323,261,242,196.0,211.0,226.0,161.0,123.0,338.0,338.0,346.0,342.0,388.0,307.0,207.0,323.0,338.0,265.0,228.0,280.0,294.1794871794872,0.0,0.0,0.0,C
376,323,415,315,353,207,288.0,288.0,284.0,192.0,296.0,311.0,396.0,411.0,415.0,442.0,442.0,384.0,423.0,415.0,373.0,225.5,279.6,294.3974358974359,0.0,0.0,0.0,C
284,338,203,311,265,211,196.0,184.0,273.0,334.0,442.0,465.0,492.0,473.0,419.0,419.0,246.0,215.0,192.0,153.0,356.3333333333333,223.0,279.2,294.61538461538464,0.0,0.0,0.0,C
142,126,215,184,288,426,438.0,334.0,369.0,288.0,342.0,234.0,323.0,284.0,361.0,380.5,256.0,267.6666666666667,226.66666666666666,169.875,339.6666666666667,220.5,278.8,294.8333333333333,0.0,0.0,0.0,C
407,311,303,311,261,292,253.0,257.0,265.0,273.0,334.0,315.0,276.0,342.0,303.0,342.0,266.0,320.3333333333333,261.3333333333333,186.75,323.0,218.0,278.4,295.05128205128204,0.0,0.0,0.0,C
238,276,342,269,303,323,257.0,303.0,357.0,373.0,407.0,407.0,396.0,369.0,234.0,319.0,276.0,373.0,296.0,203.625,306.3333333333333,215.5,278.0,295.2692307692308,0.0,0.0,0.0,C
323,365,284,292,326,273,246.0,334.0,269.0,419.0,419.0,469.0,438.0,419.0,461.0,346.0,342.0,353.5,303.5,220.5,289.66666666666663,213.0,277.6,295.4871794871795,0.0,0.0,0.0,C
276,346,223,319,257,273,219.0,411.0,388.0,369.0,396.0,411.0,334.0,384.0,319.0,234.0,303.0,334.0,311.0,237.375,273.0,210.5,277.2,295.70512820512823,0.0,0.0,0.0,C
338,284,284,242,296,226,257.0,438.0,392.0,296.0,357.0,419.0,469.0,223.0,315.0,346.0,299.5,318.5,318.5,254.25,256.3333333333333,208.0,276.8,295.9230769230769,0.0,0.0,0.0,C
319,226,292,307,396,346,246.0,269.0,188.0,215.0,238.0,407.0,373.0,492.0,384.0,453.0,296.0,303.0,326.0,271.125,239.66666666666666,205.5,276.4,296.14102564102564,0.0,0.0,0.0,C
226,19,107,215,338,438,407.0,326.0,323.0,342.0,303.0,403.0,461.0,434.0,469.0,396.0,423.0,376.0,365.0,288.0,223.0,203.0,276.0,296.35897435897436,0.0,0.0,0.0,C
223,265,376,307,373,319,423.0,407.0,423.0,384.0,376.0,323.0,446.0,384.0,369.0,403.0,415.0,438.0,338.0,315.0,223.0,230.0,274.25,296.5769230769231,0.0,0.0,0.0,C
323,238,219,196,246,219,165.0,173.0,384.0,292.0,246.0,242.0,323.0,388.0,388.0,415.0,361.0,353.0,311.0,342.0,223.0,257.0,272.5,296.79487179487177,0.0,0.0,0.0,C
319,261,234,188,142,207,273.0,373.0,284.0,338.0,334.0,307.0,319.0,303.0,311.0,296.0,257.0,242.0,273.0,313.0,223.0,284.0,270.75,297.0128205128205,0.0,0.0,0.0,C
346,326,261,184,223,226,226.0,288.0,261.0,415.0,384.0,411.0,426.0,326.0,261.0,296.0,253.0,242.0,296.0,284.0,223.0,311.0,269.0,297.2307692307692,0.0,0.0,0.0,C
246,319,261,288,296,207,242.0,288.0,276.0,407.0,334.0,257.0,276.0,253.0,238.0,323.0,319.0,288.0,338.0,353.0,334.0,306.0,269.7692307692308,297.44871794871796,0.0,0.0,0.0,C
346,246,265,184,365,419,376.0,407.0,365.0,357.0,407.0,288.0,423.0,365.0,365.0,361.0,365.0,265.0,339.3333333333333,334.0,326.3333333333333,301.0,270.53846153846155,297.6666666666667,0.0,0.0,0.0,C
269,311,176,238,365,361,315.0,323.0,346.0,269.0,284.0,261.0,257.0,323.0,311.0,361.0,273.0,284.0,340.6666666666667,315.0,318.6666666666667,296.0,271.3076923076923,297.88461538461536,0.0,0.0,0.0,C
296,169,246,207,315,276,223.0,238.0,426.0,292.0,396.0,323.0,396.0,223.0,319.0,265.0,288.0,303.0,342.0,296.0,311.0,291.0,272.0769230769231,298.1025641025641,0.0,0.0,0.0,C
303,388,296,284,211,219,153.0,284.0,376.0,376.0,376.0,307.0,357.0,184.0,307.0,288.0,284.0,319.0,329.0,293.3333333333333,303.3333333333333,286.0,272.84615384615387,298.3205128205128,0.0,0.0,0.0,C
96,111,253,234,334,292,346.0,273.0,303.0,411.0,323.0,292.0,257.0,253.0,284.0,328.5,280.0,338.0,316.0,290.6666666666667,295.6666666666667,281.0,273.61538461538464,298.53846153846155,0.0,0.0,0.0,C
353,284,265,246,157,261,257.0,257.0,173.0,207.0,269.0,334.0,357.0,365.0,311.0,369.0,276.0,357.0,303.0,288.0,288.0,276.0,274.38461538461536,298.7564102564103,0.0,0.0,0.0,C
384,215,219,238,165,265,465.0,415.0,334.0,311.0,434.0,361.0,361.0,361.0,369.0,246.0,276.0,284.0,319.0,289.3333333333333,256.0,281.0,275.15384615384613,298.97435897435895,0.0,0.0,0.0,C
253,246,253,388,488,438,315.0,142.0,322.5,351.5,415.0,378.5,347.5,378.5,361.0,307.5,272.5,295.5,297.5,290.6666666666667,224.0,286.0,275.9230769230769,299.1923076923077,0.0,0.0,0.0,C
242,319,376,411,384,438,303.0,338.0,311.0,392.0,396.0,396.0,334.0,396.0,353.0,369.0,269.0,307.0,276.0,292.0,192.0,291.0,276.6923076923077,299.4102564102564,0.0,0.0,0.0,C
234,223,238,246,326,292,338.0,326.0,346.0,292.0,392.0,469.0,476.0,334.0,453.0,426.0,338.0,438.0,357.0,365.0,207.0,296.0,277.46153846153845,299.62820512820514,0.0,0.0,0.0,C
365,303,253,215,223,211,119.0,219.0,419.0,411.0,311.0,365.0,269.0,292.0,296.0,226.0,324.0,365.0,340.8,339.6,216.2,295.5740740740741,278.2307692307692,299.84615384615387,0.0,0.0,0.0,C
334,376,276,419,265,257,138.0,173.0,223.0,238.0,146.0,403.0,311.0,219.0,257.0,266.5,310.0,292.0,324.6,314.2,225.4,295.14814814814815,279.0,300.06410256410254,0.0,0.0,0.0,C
357,265,226,207,296,153,211.0,207.0,353.0,376.0,392.0,357.0,311.0,319.0,334.0,307.0,296.0,219.0,308.4,288.8,234.6,294.72222222222223,279.7692307692308,300.28205128205127,0.0,0.0,0.0,C
473,361,465,411,361,296,253.0,257.0,142.0,103.0,169.0,196.0,146.0,126.0,368.5,376.5,309.5,257.5,292.2,263.4,243.8,294.2962962962963,280.53846153846155,300.5,0.0,0.0,0.0,C
303,169,192,173,215,169,188.0,161.0,176.0,176.0,261.0,284.0,376.0,334.0,403.0,446.0,323.0,296.0,276.0,238.0,253.0,293.8703703703704,281.3076923076923,300.71794871794873,0.0,0.0,0.0,C
296,315,346,446,403,407,442.0,438.0,469.0,496.0,473.0,359.0,347.5,313.0,432.6666666666667,451.0,351.0,299.6666666666667,269.6666666666667,255.25,261.2857142857143,293.44444444444446,282.0769230769231,300.93589743589746,0.0,0.0,0.0,C
276,134,73,238,338,273,303.0,315.0,296.0,426.0,369.0,434.0,319.0,292.0,462.3333333333333,456.0,379.0,303.3333333333333,263.3333333333333,272.5,269.57142857142856,293.01851851851853,282.84615384615387,301.15384615384613,0.0,0.0,0.0,C
219,238,284,292,207,242,257.0,215.0,257.0,161.0,257.0,292.0,334.0,369.0,492.0,461.0,407.0,307.0,257.0,289.75,277.8571428571429,292.5925925925926,283.61538461538464,301.37179487179486,0.0,0.0,0.0,C
192,284,234,211,192,219,192.0,211.0,207.0,311.0,342.0,411.0,365.0,373.0,419.0,415.0,288.0,338.0,353.0,307.0,286.14285714285717,292.1666666666667,284.38461538461536,301.5897435897436,0.0,0.0,0.0,C
292,307,253,292,265,246,215.0,388.0,496.0,411.0,384.0,353.0,307.0,303.0,257.0,361.0,270.5,356.0,371.0,326.3333333333333,294.42857142857144,291.74074074074076,285.15384615384613,301.8076923076923,0.0,0.0,0.0,C
284,242,257,115,142,169,169.0,142.0,342.0,411.0,357.0,303.0,361.0,373.0,319.0,307.0,253.0,374.0,389.0,345.6666666666667,302.7142857142857,291.31481481481484,285.9230769230769,302.02564102564105,0.0,0.0,0.0,C
215,215,226,269,223,334,242.0,276.0,284.0,373.0,361.0,273.0,288.0,423.0,473.0,396.0,476.0,392.0,407.0,365.0,311.0,290.8888888888889,286.6923076923077,302.2435897435897,0.0,0.0,0.0,C
276,265,246,215,338,353,261.0,388.0,407.0,476.0,434.0,423.0,292.0,323.0,246.0,253.0,311.0,332.5,364.75,349.5,307.3333333333333,290.462962962963,287.46153846153845,302.46153846153845,0.0,0.0,0.0,C
203,361,376,196,234,123,242.0,123.0,246.0,388.0,426.0,461.0,488.0,484.0,411.0,465.0,338.0,273.0,322.5,334.0,303.6666666666667,290.037037037037,288.2307692307692,302.6794871794872,0.0,0.0,0.0,C
303,303,307,173,265,303,376.0,423.0,407.0,303.0,211.0,226.0,257.0,388.0,323.0,269.0,176.0,246.0,280.25,318.5,300.0,289.6111111111111,289.0,302.8974358974359,0.0,0.0,0.0,C
326,269,376,276,134,219,303.0,169.0,361.0,361.0,415.0,288.0,369.0,238.0,319.0,265.0,353.0,234.0,238.0,303.0,296.3333333333333,289.18518518518516,289.7692307692308,303.11538461538464,0.0,0.0,0.0,C
169,184,265,273,353,442,384.0,261.0,415.0,346.0,319.0,334.0,323.0,438.0,292.0,353.0,273.0,365.0,346.0,302.6111111111111,292.6666666666667,288.75925925925924,290.53846153846155,303.3333333333333,0.0,0.0,0.0,C
269,292,311,346,253,334,296.0,384.0,242.0,323.0,307.0,442.0,296.0,419.0,465.0,411.0,446.0,363.0,360.25,302.22222222222223,289.0,288.3333333333333,291.3076923076923,303.55128205128204,0.0,0.0,0.0,C
207,223,388,361,396,334,238.0,265.0,219.0,438.0,384.0,361.0,446.0,496.0,415.0,326.0,342.0,361.0,374.5,301.8333333333333,285.3333333333333,287.9074074074074,292.0769230769231,303.7692307692308,0.0,0.0,0.0,C
396,276,253,226,288,226,292.0,165.0,184.0,184.0,226.0,257.0,296.0,353.0,376.0,438.0,469.0,359.0,388.75,301.44444444444446,281.6666666666667,287.48148148148147,292.84615384615387,303.9871794871795,0.0,0.0,0.0,C
265,326,226,157,107,196,242.0,226.0,261.0,153.0,88.0,46.0,46.0,192.0,96.0,276.0,319.0,357.0,403.0,301.05555555555554,278.0,287.05555555555554,293.61538461538464,304.2051282051282,0.0,0.0,0.0,C
292,288,288,388,376,446,434.0,296.0,169.0,103.0,65.0,273.0,442.0,186.25,107.5,282.75,348.75,386.0,410.75,300.6666666666667,274.3333333333333,286.6296296296296,294.38461538461536,304.4230769230769,0.0,0.0,0.0,C
284,334,319,261,376,261,372.5,365.0,319.0,249.5,253.5,321.0,388.0,180.5,119.0,289.5,378.5,415.0,418.5,300.27777777777777,270.6666666666667,286.2037037037037,295.15384615384613,304.64102564102564,0.0,0.0,0.0,C
242,96,34,88,188,242,311.0,434.0,469.0,396.0,442.0,369.0,334.0,174.75,130.5,296.25,408.25,444.0,426.25,299.8888888888889,267.0,285.77777777777777,295.9230769230769,304.85897435897436,0.0,0.0,0.0,C
261,226,369,315,311,303,242.0,396.0,284.0,242.0,296.0,303.0,219.0,169.0,142.0,303.0,438.0,473.0,434.0,299.5,263.3333333333333,285.35185185185185,296.6923076923077,305.0769230769231,0.0,0.0,0.0,C
296,276,338,369,361,303,319.0,173.0,207.0,307.0,207.0,196.0,257.0,326.0,265.0,453.0,319.0,454.2857142857143,418.6666666666667,299.1111111111111,259.6666666666667,284.9259259259259,297.46153846153845,305.2948717948718,0.0,0.0,0.0,C
326,446,353,307,11,261,392.0,319.0,324.5,341.5,316.5,271.6666666666667,305.6666666666667,354.3333333333333,329.0,419.2,312.8,435.57142857142856,403.3333333333333,298.72222222222223,256.0,284.5,298.2307692307692,305.5128205128205,0.0,0.0,0.0,C
488,442,423,396,369,457,465.0,465.0,442.0,376.0,426.0,347.33333333333337,354.3333333333333,382.6666666666667,393.0,385.4,306.6,416.85714285714283,388.0,298.3333333333333,252.33333333333334,284.0740740740741,299.0,305.7307692307692,0.0,0.0,0.0,C
269,265,303,319,334,388,476.0,476.0,446.0,411.0,419.0,423.0,403.0,411.0,457.0,351.6,300.4,398.1428571428571,372.6666666666667,297.94444444444446,248.66666666666669,283.64814814814815,299.7692307692308,305.94871794871796,0.0,0.0,0.0,C
346,373,334,238,273,253,384.0,403.0,369.0,438.0,338.0,353.0,392.0,453.0,336.0,317.8,294.2,379.42857142857144,357.3333333333333,297.55555555555554,245.0,283.22222222222223,300.53846153846155,306.1666666666667,0.0,0.0,0.0,C
26,34,103,188,176,111,146.0,146.0,115.0,223.0,142.0,123.0,123.0,173.0,215.0,284.0,288.0,360.7142857142857,342.0,297.1666666666667,241.33333333333334,282.7962962962963,301.3076923076923,306.38461538461536,0.0,0.0,0.0,C
319,103,188,246,288,265,273.0,334.0,288.0,196.0,334.0,453.0,465.0,476.0,342.0,353.0,288.0,342.0,326.66666666666663,296.77777777777777,237.66666666666669,282.3703703703704,302.0769230769231,306.6025641025641,0.0,0.0,0.0,C
373,357,242,284,246,257,161.0,242.0,303.0,338.0,169.0,207.0,203.0,196.0,342.0,332.0,324.5,328.5,311.3333333333333,296.3888888888889,234.0,281.94444444444446,302.84615384615387,306.8205128205128,0.0,0.0,0.0,C
311,192,257,203,265,257,292.0,253.0,284.0,357.0,357.0,496.0,396.0,396.0,342.0,311.0,361.0,315.0,296.0,296.0,230.33333333333334,281.51851851851853,303.61538461538464,307.03846153846155,0.0,0.0,0.0,C
173,184,211,292,273,265,219.0,273.0,253.0,253.0,265.0,434.0,384.0,373.0,365.0,323.0,365.0,346.0,299.5,319.0,226.66666666666669,281.0925925925926,304.38461538461536,307.2564102564103,0.0,0.0,0.0,C
307,303,269,242,196,253,153.0,211.0,211.0,288.0,242.0,392.0,453.0,461.0,388.0,323.0,346.0,303.0,303.0,342.0,223.0,280.6666666666667,305.15384615384613,307.47435897435895,0.0,0.0,0.0,C
173,223,153,161,126,342,319.0,365.0,469.0,415.0,415.0,423.0,292.0,365.0,319.0,319.0,339.3333333333333,310.6666666666667,266.0,342.8,231.83333333333334,280.24074074074076,305.9230769230769,307.6923076923077,0.0,0.0,0.0,C
234,261,338,326,323,426,469.0,415.0,388.0,373.0,292.0,284.0,246.0,246.0,246.0,315.0,332.6666666666667,318.3333333333333,229.0,343.6,240.66666666666666,279.81481481481484,306.6923076923077,307.9102564102564,0.0,0.0,0.0,C
342,269,203,203,184,219,284.0,265.0,246.0,323.0,365.0,315.0,338.0,319.0,338.0,311.0,326.0,326.0,192.0,344.4,249.5,279.3888888888889,307.46153846153845,308.12820512820514,0.0,0.0,0.0,C
203,338,353,234,261,257,315.0,315.0,261.0,346.0,284.0,338.0,361.0,373.0,273.0,438.0,303.0,326.0,255.5,345.2,258.3333333333333,278.96296296296293,308.2307692307692,308.34615384615387,0.0,0.0,0.0,C
319,376,323,311,273,253,342.0,269.0,284.0,338.0,426.0,434.0,342.0,357.0,357.0,288.0,296.0,338.0,319.0,346.0,267.1666666666667,278.53703703703707,309.0,308.56410256410254,0.0,0.0,0.0,C
284,265,307,319,346,361,357.0,276.0,342.0,369.0,353.0,415.0,376.0,365.0,373.0,419.0,369.0,403.0,373.0,346.0,276.0,278.1111111111111,309.7692307692308,308.78205128205127,0.0,0.0,0.0,C
326,284,284,311,192,273,288.0,311.0,361.0,357.0,453.0,453.0,403.0,465.0,376.0,376.0,376.0,442.0,415.0,357.0,284.5,277.68518518518516,310.53846153846155,309.0,0.0,0.0,0.0,C
384,357,303,261,223,207,269.0,292.0,253.0,288.0,353.0,415.0,303.0,284.0,338.0,338.0,326.0,361.0,315.0,284.0,293.0,277.25925925925924,311.3076923076923,309.21794871794873,0.0,0.0,0.0,C
338,307,292,253,223,319,288.0,296.0,269.0,346.0,453.0,415.0,415.0,388.0,365.0,388.0,407.0,403.0,376.0,365.0,301.5,276.8333333333333,312.0769230769231,309.43589743589746,0.0,0.0,0.0,C
203,184,203,273,315,326,292.0,292.0,334.0,442.0,476.0,438.0,442.0,423.0,465.0,346.0,253.0,253.0,246.0,331.2,310.0,276.4074074074074,312.84615384615387,309.65384615384613,0.0,0.0,0.0,C
207,184,223,211,261,242,353.0,315.0,423.0,315.0,411.0,461.0,384.0,342.0,357.0,336.25,276.25,257.0,240.25,297.4,318.5,275.98148148148147,313.61538461538464,309.87179487179486,0.0,0.0,0.0,C
284,311,211,238,226,273,307.0,211.0,238.0,307.0,319.0,407.0,353.0,469.0,265.0,326.5,299.5,261.0,234.5,263.6,327.0,275.55555555555554,314.38461538461536,310.0897435897436,0.0,0.0,0.0,C
338,284,319,238,257,261,288.0,261.0,265.0,323.0,365.0,407.0,373.0,447.5,336.0,316.75,322.75,265.0,228.75,229.8,335.5,275.1296296296296,315.15384615384613,310.3076923076923,0.0,0.0,0.0,C
353,238,273,319,173,211,226.0,269.0,211.0,323.0,311.0,384.0,469.0,426.0,407.0,307.0,346.0,269.0,223.0,196.0,344.0,274.7037037037037,315.9230769230769,310.52564102564105,0.0,0.0,0.0,C
311,276,269,284,296,223,284.0,311.0,326.0,292.0,446.0,446.0,426.0,492.0,465.0,319.0,353.0,223.0,298.0,236.0,352.5,274.27777777777777,316.6923076923077,310.7435897435897,0.0,0.0,0.0,C
346,219,334,284,365,273,392.0,265.0,288.0,223.0,261.0,242.0,219.0,315.0,426.0,403.0,323.0,292.0,373.0,276.0,361.0,273.85185185185185,317.46153846153845,310.96153846153845,0.0,0.0,0.0,C
207,253,234,276,326,357,284.0,319.0,261.0,357.0,265.0,434.0,419.0,492.0,465.0,465.0,392.0,407.0,273.0,346.0,357.0,273.4259259259259,318.2307692307692,311.1794871794872,0.0,0.0,0.0,C
315,388,288,253,276,303,203.0,334.0,315.0,357.0,296.0,323.0,388.0,442.0,423.0,423.0,434.0,426.0,365.0,265.0,353.0,273.0,319.0,311.3974358974359,0.0,0.0,0.0,C
326,315,276,338,346,373,319.0,453.0,407.0,446.0,492.0,461.0,469.0,311.0,342.0,288.0,311.0,395.5,319.0,283.5,348.0,290.1666666666667,317.7083333333333,311.61538461538464,0.0,0.0,0.0,C
357,192,273,142,257,257,334.0,207.0,242.0,284.0,311.0,392.0,357.0,457.0,357.0,376.0,334.0,365.0,273.0,302.0,343.0,307.3333333333333,316.4166666666667,311.8333333333333,0.0,0.0,0.0,C
307,215,261,242,296,296,223.0,311.0,257.0,319.0,365.0,476.0,357.0,319.0,423.0,261.0,284.0,342.0,283.5,320.5,338.0,324.5,315.125,312.05128205128204,0.0,0.0,0.0,C
265,211,192,219,307,242,292.0,353.0,415.0,476.0,446.0,407.0,365.0,283.0,420.3333333333333,270.0,290.3333333333333,319.0,294.0,339.0,333.0,341.6666666666667,313.8333333333333,312.2692307692308,0.0,0.0,0.0,C
446,346,434,369,423,461,353.0,338.0,373.0,442.0,457.0,276.0,234.0,247.0,417.6666666666667,279.0,296.6666666666667,296.0,304.5,357.5,328.0,358.83333333333337,312.5416666666667,312.4871794871795,0.0,0.0,0.0,C
92,115,57,153,84,153,126.0,226.0,176.0,246.0,276.0,296.0,276.0,211.0,415.0,288.0,303.0,273.0,315.0,376.0,323.0,376.0,311.25,312.7051282051282,0.0,0.0,0.0,C
319,353,288,311,257,238,211.0,242.0,223.0,276.0,257.0,365.0,323.0,311.0,303.0,334.0,205.0,207.5,244.0,361.0,319.0,373.1666666666667,309.9583333333333,312.9230769230769,0.0,0.0,0.0,C
253,323,292,334,276,315,234.0,219.0,192.0,173.0,173.0,303.0,226.0,153.0,126.0,153.0,107.0,142.0,173.0,346.0,315.0,370.3333333333333,308.6666666666667,313.14102564102564,0.0,0.0,0.0,C
311,307,303,342,326,419,373.0,373.0,361.0,484.0,484.0,423.0,407.0,326.0,276.0,265.0,392.0,199.5,255.5,309.5,274.5,367.5,307.375,313.35897435897436,0.0,0.0,0.0,C
346,338,265,246,315,288,234.0,265.0,284.0,234.0,226.0,288.0,346.0,284.0,353.0,323.0,403.0,257.0,338.0,273.0,234.0,364.6666666666667,306.0833333333333,313.5769230769231,0.0,0.0,0.0,C
319,242,238,253,323,326,153.0,303.0,307.0,323.0,319.0,326.0,342.0,269.0,303.0,257.0,386.0,336.0,357.0,303.5,295.5,361.8333333333333,304.7916666666667,313.7948717948718,0.0,0.0,0.0,C
388,261,273,319,307,342,342.0,357.0,315.0,303.0,184.0,211.0,311.0,334.0,342.0,369.0,369.0,415.0,376.0,334.0,357.0,359.0,303.5,314.0128205128205,0.0,0.0,0.0,C
196,223,103,176,219,246,288.0,207.0,411.0,388.0,426.0,376.0,403.0,438.0,323.0,265.0,326.0,326.0,350.25,327.8,369.4,356.1666666666667,302.2083333333333,314.2307692307692,0.0,0.0,0.0,C
357,203,184,134,203,238,273.0,319.0,373.0,311.0,346.0,353.0,338.0,384.0,373.0,265.0,296.0,295.5,324.5,321.6,381.8,353.3333333333333,300.9166666666667,314.44871794871796,0.0,0.0,0.0,C
284,253,276,276,265,196,265.0,242.0,284.0,407.0,434.0,365.0,338.0,242.0,326.0,223.0,184.0,265.0,298.75,315.4,394.2,350.5,299.625,314.6666666666667,0.0,0.0,0.0,C
303,273,342,238,269,376,242.0,296.0,365.0,438.0,357.0,388.0,288.0,357.0,292.0,307.0,288.0,353.0,273.0,309.2,406.6,347.6666666666667,298.3333333333333,314.88461538461536,0.0,0.0,0.0,C
265,373,307,223,319,234,323.0,303.0,388.0,296.0,346.0,311.0,307.0,342.0,273.0,326.0,296.0,261.0,315.0,303.0,419.0,344.8333333333333,297.0416666666667,315.1025641025641,0.0,0.0,0.0,C
419,311,273,334,203,276,284.0,246.0,242.0,396.0,288.0,407.0,288.0,384.0,315.0,315.0,261.0,323.0,261.0,369.0,315.0,342.0,295.75,315.3205128205128,0.0,0.0,0.0,C
353,242,284,207,315,261,342.0,188.0,223.0,319.0,269.0,369.0,396.0,334.0,323.0,346.0,253.0,349.5,328.5,301.5,361.0,292.0,294.4583333333333,315.53846153846155,0.0,0.0,0.0,C
261,288,265,323,207,342,215.0,334.0,234.0,361.0,269.0,392.0,288.0,384.0,326.0,361.0,265.0,376.0,396.0,234.0,407.0,242.0,293.1666666666667,315.7564102564103,0.0,0.0,0.0,C
296,203,242,238,315,257,246.0,242.0,342.0,307.0,196.0,392.0,292.0,346.0,265.0,303.0,307.0,288.0,369.0,259.0,372.5,244.75,291.875,315.97435897435895,0.0,0.0,0.0,C
288,276,203,223,203,342,269.0,242.0,319.0,303.0,384.0,296.0,326.0,353.0,346.0,315.0,315.0,303.0,342.0,284.0,338.0,247.5,290.5833333333333,316.1923076923077,0.0,0.0,0.0,C
334,307,342,353,315,196,242.0,165.0,253.0,334.0,384.0,365.0,357.0,319.0,257.0,338.0,276.0,242.0,338.0,293.5,303.5,250.25,289.2916666666667,316.4102564102564,0.0,0.0,0.0,C
261,292,369,276,223,307,261.0,338.0,238.0,373.0,384.0,284.0,338.0,288.0,376.0,303.0,342.0,323.0,334.0,303.0,269.0,253.0,288.0,316.62820512820514,0.0,0.0,0.0,C
296,292,292,315,219,273,373.0,469.0,269.0,296.0,384.0,284.0,338.0,273.0,288.0,357.0,303.0,323.0,339.4,327.6,274.0,254.69767441860466,288.4418604651163,316.84615384615387,0.0,0.0,0.0,C
419,357,292,253,88,19,142.0,184.0,292.0,376.0,276.0,369.0,288.0,288.0,276.0,384.0,340.3333333333333,340.6666666666667,344.8,352.2,279.0,256.3953488372093,288.8837209302326,317.06410256410254,0.0,0.0,0.0,C
192,153,196,115,211,165,253.0,203.0,311.0,288.0,207.0,226.0,146.0,173.0,207.0,378.5,377.6666666666667,358.3333333333333,350.2,376.8,284.0,258.09302325581393,289.3255813953488,317.28205128205127,0.0,0.0,0.0,C
153,188,134,196,196,188,311.0,257.0,303.0,257.0,326.0,292.0,323.0,319.0,403.0,373.0,415.0,376.0,355.6,401.4,289.0,259.7906976744186,289.7674418604651,317.5,0.0,0.0,0.0,C
338,353,392,353,315,276,292.0,346.0,292.0,253.0,253.0,261.0,311.0,346.0,284.0,373.0,334.0,342.0,361.0,426.0,294.0,261.48837209302326,290.2093023255814,317.71794871794873,0.0,0.0,0.0,C
269,246,238,253,261,303,338.0,353.0,273.0,346.0,342.0,323.0,273.0,265.0,285.3333333333333,344.6666666666667,334.0,350.5,362.0,414.5,299.0,263.1860465116279,290.6511627906977,317.93589743589746,0.0,0.0,0.0,C
492,465,492,457,346,307,296.0,215.0,111.0,165.0,223.0,246.0,313.0,319.0,286.6666666666667,316.3333333333333,334.0,359.0,363.0,403.0,304.0,264.8837209302326,291.09302325581393,318.15384615384613,0.0,0.0,0.0,C
288,234,307,257,303,238,226.0,234.0,357.0,373.0,353.0,326.0,353.0,373.0,288.0,288.0,334.0,367.5,364.0,391.5,309.0,266.5813953488372,291.5348837209302,318.37179487179486,0.0,0.0,0.0,C
369,361,365,361,357,319,303.0,265.0,307.0,376.0,438.0,484.0,442.0,469.0,323.0,307.0,342.0,376.0,365.0,380.0,314.0,268.27906976744185,291.9767441860465,318.5897435897436,0.0,0.0,0.0,C
365,396,461,326,265,226,311.0,353.0,313.0,270.5,355.5,447.5,449.5,430.5,390.0,370.5,350.5,372.25,366.0,368.5,319.0,269.9767441860465,292.4186046511628,318.8076923076923,0.0,0.0,0.0,C
184,153,84,192,215,257,265.0,261.0,319.0,165.0,273.0,411.0,457.0,392.0,457.0,434.0,359.0,368.5,367.0,357.0,324.0,271.6744186046512,292.86046511627904,319.02564102564105,0.0,0.0,0.0,C
226,146,134,3,76,103,69.0,134.0,107.0,196.0,238.0,307.0,319.0,346.0,253.0,326.0,367.5,364.75,368.0,345.5,329.0,273.37209302325584,293.30232558139534,319.2435897435897,0.0,0.0,0.0,C
257,292,296,338,246,396,269.0,284.0,246.0,265.0,242.0,411.0,457.0,473.0,346.0,388.0,376.0,361.0,369.0,334.0,334.0,275.06976744186045,293.74418604651163,319.46153846153845,0.0,0.0,0.0,C
369,361,215,296,169,276,234.0,276.0,176.0,261.0,476.0,423.0,419.0,376.0,446.0,373.0,353.0,396.0,284.0,331.3333333333333,309.6666666666667,276.7674418604651,294.1860465116279,319.6794871794872,0.0,0.0,0.0,C
307,261,246,188,242,253,188.0,223.0,234.0,361.0,446.0,403.0,257.0,346.0,307.0,388.0,342.0,396.0,276.0,328.6666666666667,285.3333333333333,278.4651162790698,294.6279069767442,319.8974358974359,0.0,0.0,0.0,C
276,376,276,376,323,323,311.0,342.0,396.0,311.0,434.0,338.0,357.0,319.0,215.0,203.0,223.0,319.0,246.0,326.0,261.0,280.16279069767444,295.06976744186045,320.11538461538464,0.0,0.0,0.0,C
269,323,357,253,461,323,384.0,465.0,488.0,403.0,434.0,326.0,353.0,223.0,292.0,273.0,211.0,361.0,332.5,316.90909090909093,269.7857142857143,281.86046511627904,295.51162790697674,320.3333333333333,0.0,0.0,0.0,C
226,342,219,269,323,296,311.0,246.0,415.0,292.0,296.0,215.0,315.0,303.0,338.0,426.0,376.0,403.0,419.0,307.8181818181818,278.57142857142856,283.5581395348837,295.95348837209303,320.55128205128204,0.0,0.0,0.0,C
334,269,226,246,153,246,203.0,234.0,215.0,153.0,223.0,326.0,361.0,419.0,423.0,376.0,392.0,373.0,261.0,298.72727272727275,287.3571428571429,285.25581395348837,296.3953488372093,320.7692307692308,0.0,0.0,0.0,C
292,253,273,211,284,342,353.0,396.0,284.0,434.0,365.0,311.0,403.0,226.0,319.0,273.0,423.0,349.6666666666667,259.6666666666667,289.6363636363636,296.14285714285717,286.95348837209303,296.83720930232556,320.9871794871795,0.0,0.0,0.0,C
323,253,169,296,165,215,211.0,261.0,196.0,392.0,407.0,419.0,357.0,353.0,273.0,407.0,326.0,326.3333333333333,258.3333333333333,280.54545454545456,304.92857142857144,288.6511627906977,297.27906976744185,321.2051282051282,0.0,0.0,0.0,C
423,473,265,326,223,315,288.0,338.0,338.0,438.0,373.0,334.0,396.0,423.0,296.0,415.0,323.0,303.0,257.0,271.45454545454544,313.7142857142857,290.3488372093023,297.72093023255815,321.4230769230769,0.0,0.0,0.0,C
253,303,396,153,288,165,288.0,434.0,426.0,403.0,411.0,411.0,419.0,296.0,284.0,356.0,273.0,303.0,255.66666666666666,262.3636363636364,322.5,292.04651162790697,298.16279069767444,321.64102564102564,0.0,0.0,0.0,C
253,269,146,423,203,346,423.0,438.0,392.0,342.0,446.0,326.0,196.0,276.0,211.0,297.0,223.0,303.0,254.33333333333334,253.27272727272725,331.2857142857143,293.74418604651163,298.6046511627907,321.85897435897436,0.0,0.0,0.0,C
265,265,184,246,242,284,342.0,215.0,296.0,423.0,311.0,407.0,376.0,365.0,238.0,238.0,173.0,303.0,253.0,244.1818181818182,340.07142857142856,295.4418604651163,299.04651162790697,322.0769230769231,0.0,0.0,0.0,C
269,276,242,211,276,142,288.0,396.0,353.0,461.0,303.0,376.0,276.0,457.0,326.0,353.0,326.0,434.0,307.0,235.09090909090907,348.8571428571429,297.1395348837209,299.48837209302326,322.2948717948718,0.0,0.0,0.0,C
403,246,138,269,203,273,253.0,392.0,311.0,353.0,369.0,403.0,373.0,442.0,403.0,369.0,238.0,223.0,346.0,226.0,357.64285714285717,298.83720930232556,299.93023255813955,322.5128205128205,0.0,0.0,0.0,C
407,353,176,184,76,57,76.0,146.0,207.0,353.0,342.0,315.0,234.0,357.0,196.0,284.0,338.0,317.0,359.5,251.66666666666666,366.42857142857144,300.5348837209302,300.37209302325584,322.7307692307692,0.0,0.0,0.0,C
338,373,261,323,276,269,234.0,353.0,273.0,238.0,307.0,311.0,338.0,292.0,288.0,292.0,288.0,411.0,373.0,277.3333333333333,375.2142857142857,302.2325581395349,300.8139534883721,322.94871794871796,0.0,0.0,0.0,C
226,319,307,353,365,265,315.0,161.0,346.0,353.0,369.0,276.0,384.0,423.0,261.0,303.0,303.0,303.0,369.0,303.0,384.0,303.93023255813955,301.25581395348837,323.1666666666667,0.0,0.0,0.0,C
415,296,346,307,234,269,338.0,315.0,319.0,434.0,361.0,419.0,334.0,388.0,342.0,357.0,281.6,270.0,352.8,296.75,382.84615384615387,305.62790697674416,301.69767441860466,323.38461538461536,0.0,0.0,0.0,C
396,342,338,496,419,11,234.0,245.5,242.0,344.3333333333333,280.3333333333333,310.0,275.0,347.5,304.5,319.5,260.2,237.0,336.6,290.5,381.6923076923077,307.3255813953488,302.13953488372096,323.6025641025641,0.0,0.0,0.0,C
107,34,176,161,157,296,234.0,176.0,165.0,254.66666666666666,199.66666666666666,201.0,216.0,307.0,267.0,282.0,238.8,204.0,320.4,284.25,380.53846153846155,309.0232558139535,302.5813953488372,323.8205128205128,0.0,0.0,0.0,C
338,396,403,115,161,303,303.0,284.0,292.0,165.0,119.0,92.0,157.0,266.5,229.5,244.5,217.4,171.0,304.2,278.0,379.38461538461536,310.72093023255815,303.0232558139535,324.03846153846155,0.0,0.0,0.0,C
253,234,165,126,88,34,73.0,188.0,192.0,326.0,342.0,334.0,211.0,226.0,192.0,207.0,196.0,138.0,288.0,271.75,378.2307692307692,312.4186046511628,303.4651162790698,324.2564102564103,0.0,0.0,0.0,C
373,442,342,311,234,257,242.0,453.0,434.0,403.0,369.0,288.0,269.0,161.0,126.0,269.0,255.5,207.0,327.6666666666667,265.5,377.0769230769231,314.1162790697674,303.90697674418607,324.474358974359,0.0,0.0,0.0,C
69,138,173,215,192,238,207.0,338.0,357.0,465.0,346.0,323.0,392.0,326.0,353.0,246.0,315.0,276.0,367.3333333333333,259.25,375.9230769230769,315.8139534883721,304.3488372093023,324.6923076923077,0.0,0.0,0.0,C
342,288,457,276,361,273,211.0,107.0,196.0,61.0,165.0,438.0,473.0,334.0,423.0,296.0,369.0,242.0,407.0,253.0,374.7692307692308,317.51162790697674,304.7906976744186,324.9102564102564,0.0,0.0,0.0,C
234,319,273,353,234,196,342.0,388.0,411.0,396.0,342.0,373.0,311.0,261.0,153.0,319.0,363.6666666666667,268.2,389.4,297.6,373.61538461538464,319.2093023255814,305.2325581395349,325.12820512820514,0.0,0.0,0.0,C
265,346,242,338,246,288,219.0,226.0,276.0,284.0,384.0,423.0,288.0,372.5,299.5,342.0,358.3333333333333,294.4,371.8,342.2,372.46153846153845,320.90697674418607,305.6744186046512,325.34615384615387,0.0,0.0,0.0,C
211,61,103,111,196,269,153.0,169.0,484.0,396.0,476.0,357.0,496.0,484.0,446.0,365.0,353.0,320.6,354.2,386.8,371.3076923076923,322.6046511627907,306.1162790697674,325.56410256410254,0.0,0.0,0.0,C
365,407,253,234,261,242,311.0,473.0,373.0,253.0,234.0,215.0,276.0,413.0,305.5,342.0,309.0,346.8,336.6,431.4,370.15384615384613,324.30232558139534,306.5581395348837,325.78205128205127,0.0,0.0,0.0,C
284,353,269,388,307,315,219.0,315.0,273.0,403.0,126.0,188.0,207.0,342.0,165.0,319.0,265.0,373.0,319.0,476.0,369.0,326.0,307.0,326.0,0.0,0.0,0.0,C
342,338,446,342,411,473,453.0,419.0,434.0,388.0,442.0,207.0,288.0,265.0,346.0,292.0,373.0,242.0,321.5,477.3333333333333,361.3333333333333,339.2857142857143,305.77777777777777,324.0952380952381,0.0,0.0,0.0,C
223,246,207,384,319,219,146.0,261.0,211.0,488.0,326.0,488.0,342.0,357.0,419.0,246.0,203.0,369.0,324.0,478.6666666666667,353.6666666666667,352.57142857142856,304.55555555555554,322.1904761904762,0.0,0.0,0.0,C
407,284,326,265,373,242,261.0,469.0,484.0,311.0,373.0,357.0,253.0,334.0,311.0,282.5,288.0,343.3333333333333,326.5,480.0,346.0,365.8571428571429,303.3333333333333,320.2857142857143,0.0,0.0,0.0,C
473,184,219,88,3,161,126.0,242.0,342.0,373.0,334.0,403.0,369.0,369.0,473.0,319.0,373.0,317.6666666666667,329.0,481.3333333333333,338.3333333333333,379.14285714285717,302.1111111111111,318.3809523809524,0.0,0.0,0.0,C
184,219,126,165,215,373,296.0,357.0,184.0,273.0,473.0,273.0,403.0,311.0,407.0,311.0,419.0,292.0,331.5,482.6666666666667,330.6666666666667,392.42857142857144,300.8888888888889,316.4761904761905,0.0,0.0,0.0,C
334,188,246,211,246,219,192.0,119.0,134.0,161.0,311.0,273.0,423.0,407.0,384.0,357.0,265.0,415.0,334.0,484.0,323.0,405.7142857142857,299.6666666666667,314.57142857142856,0.0,0.0,0.0,C
338,338,296,261,353,273,296.0,303.0,284.0,288.0,234.0,384.0,284.0,307.0,376.0,361.0,269.0,438.0,384.0,369.0,438.0,419.0,298.44444444444446,312.6666666666667,0.0,0.0,0.0,C
376,276,238,219,253,334,376.0,411.0,484.0,426.0,342.0,269.0,284.0,396.0,376.0,378.5,353.5,363.0,403.5,363.0,445.5,313.0,297.22222222222223,310.76190476190476,0.0,0.0,0.0,C
296,226,311,203,226,84,211.0,357.0,303.0,353.0,457.0,388.0,453.0,388.0,369.0,396.0,438.0,288.0,423.0,357.0,453.0,207.0,296.0,308.85714285714283,0.0,0.0,0.0,C
392,384,307,207,161,253,411.0,388.0,369.0,496.0,446.0,473.0,353.0,426.0,396.0,296.0,392.0,342.0,369.0,363.0,416.0,209.875,293.8125,306.95238095238096,0.0,0.0,0.0,C
238,142,303,276,273,196,284.0,257.0,211.0,219.0,342.0,426.0,407.0,476.0,442.0,488.0,434.0,396.0,315.0,369.0,379.0,212.75,291.625,305.04761904761904,0.0,0.0,0.0,C
342,142,169,111,157,103,111.0,111.0,157.0,265.0,273.0,246.0,365.0,365.0,492.0,342.0,484.0,484.0,496.0,365.0,342.0,215.625,289.4375,303.14285714285717,0.0,0.0,0.0,C
184,169,115,192,184,146,103.0,115.0,61.0,184.0,492.0,496.0,488.0,469.0,484.0,396.0,303.0,388.0,246.0,323.0,375.3333333333333,218.5,287.25,301.23809523809524,0.0,0.0,0.0,C
46,3,76,211,265,203,288.0,238.0,238.0,238.0,261.0,288.0,403.0,392.0,457.0,484.0,313.0,345.5,282.5,334.5,408.6666666666667,221.375,285.0625,299.3333333333333,0.0,0.0,0.0,C
311,223,246,126,276,219,261.0,196.0,253.0,269.0,476.0,346.0,446.0,388.0,446.0,411.0,323.0,303.0,319.0,346.0,442.0,224.25,282.875,297.42857142857144,0.0,0.0,0.0,C
215,307,276,288,319,323,384.0,323.0,203.0,226.0,226.0,423.0,438.0,261.0,434.0,346.0,361.0,334.0,292.0,211.0,319.0,227.125,280.6875,295.5238095238095,0.0,0.0,0.0,C
384,346,319,284,426,242,357.0,242.0,215.0,276.0,257.0,338.0,365.0,288.0,320.5,392.0,372.5,386.0,382.5,318.5,329.0,230.0,278.5,293.6190476190476,0.0,0.0,0.0,C
365,357,319,157,273,223,203.0,138.0,246.0,138.0,288.0,253.0,292.0,315.0,207.0,438.0,384.0,438.0,473.0,426.0,339.0,232.875,276.3125,291.7142857142857,0.0,0.0,0.0,C
292,292,253,188,134,338,176.0,257.0,303.0,315.0,215.0,315.0,338.0,346.0,442.0,413.0,384.0,357.3333333333333,385.6666666666667,435.0,349.0,235.75,274.125,289.8095238095238,0.0,0.0,0.0,C
469,353,38,88,61,373,326.0,342.0,223.0,488.0,353.0,365.0,292.0,453.0,426.0,388.0,384.0,276.66666666666663,298.33333333333337,444.0,359.0,238.625,271.9375,287.9047619047619,0.0,0.0,0.0,C
434,415,238,407,319,246,207.0,157.0,315.0,269.0,403.0,284.0,465.0,292.0,465.0,392.0,384.0,196.0,211.0,453.0,369.0,241.5,269.75,286.0,0.0,0.0,0.0,C
369,234,323,238,284,184,111.0,146.0,396.0,419.0,457.0,434.0,426.0,434.0,365.0,369.0,349.5,222.75,242.75,416.5,337.25,244.375,267.5625,284.0952380952381,0.0,0.0,0.0,C
292,423,276,361,296,207,34.0,176.0,376.0,265.0,388.0,292.0,434.0,211.0,319.0,346.0,315.0,249.5,274.5,380.0,305.5,247.25,265.375,282.1904761904762,0.0,0.0,0.0,C
338,292,211,211,173,138,215.0,269.0,246.0,203.0,353.0,296.0,323.0,307.0,261.0,269.0,340.0,276.25,306.25,343.5,273.75,250.125,263.1875,280.2857142857143,0.0,0.0,0.0,C
346,465,376,269,219,234,234.0,265.0,296.0,303.0,346.0,403.0,357.0,438.0,419.0,319.0,365.0,303.0,338.0,307.0,242.0,253.0,261.0,278.3809523809524,0.0,0.0,0.0,C
326,273,242,153,346,319,434.0,469.0,476.0,465.0,392.0,426.0,388.0,404.6666666666667,417.6666666666667,347.0,334.3333333333333,273.6666666666667,320.0,276.3333333333333,248.33333333333334,269.0833333333333,273.5,276.4761904761905,0.0,0.0,0.0,C
369,146,188,153,203,203,219.0,219.0,192.0,292.0,357.0,357.0,476.0,371.3333333333333,416.3333333333333,375.0,303.6666666666667,244.33333333333334,302.0,245.66666666666666,254.66666666666666,285.1666666666667,286.0,274.57142857142856,0.0,0.0,0.0,C
219,253,238,169,223,238,307.0,288.0,326.0,334.0,396.0,215.0,288.0,338.0,415.0,403.0,273.0,215.0,284.0,215.0,261.0,301.25,298.5,272.6666666666667,0.0,0.0,0.0,C
234,319,296,269,253,188,273.0,246.0,311.0,434.0,342.0,357.0,403.0,411.0,457.0,303.0,315.0,323.0,311.0,233.0,275.0,317.3333333333333,311.0,270.76190476190476,0.0,0.0,0.0,C
219,226,319,288,234,219,303.0,319.0,276.0,319.0,184.0,307.0,388.0,284.0,373.0,311.0,273.0,284.0,338.0,251.0,289.0,333.41666666666663,323.5,268.8571428571429,0.0,0.0,0.0,C
265,215,315,242,253,257,284.0,319.0,423.0,438.0,469.0,496.0,324.5,286.0,342.0,284.0,282.5,245.5,355.5,269.0,303.0,349.5,336.0,266.95238095238096,0.0,0.0,0.0,C
26,34,103,69,138,165,219.0,288.0,223.0,419.0,273.0,307.0,261.0,288.0,311.0,257.0,292.0,207.0,373.0,287.0,317.0,365.5833333333333,348.5,265.04761904761904,0.0,0.0,0.0,C
265,269,296,323,307,273,138.0,253.0,284.0,292.0,334.0,457.0,465.0,384.0,396.0,351.5,338.0,334.0,357.5,305.0,331.0,381.66666666666663,361.0,263.14285714285717,0.0,0.0,0.0,C
288,353,315,334,292,357,223.0,311.0,192.0,273.0,207.0,269.0,376.0,242.0,469.0,446.0,384.0,461.0,342.0,323.0,345.0,397.75,373.5,261.23809523809524,0.0,0.0,0.0,C
215,215,226,303,346,103,273.0,276.0,303.0,353.0,342.0,369.0,311.0,242.0,269.0,292.0,407.0,215.0,353.0,313.0,359.0,413.8333333333333,386.0,259.33333333333337,0.0,0.0,0.0,C
361,173,103,203,303,492,326.0,411.0,284.0,338.0,184.0,438.0,384.0,496.0,473.0,423.0,411.0,315.0,484.0,303.0,373.0,429.91666666666663,398.5,257.42857142857144,0.0,0.0,0.0,C
123,246,196,157,169,173,165.0,257.0,203.0,311.0,303.0,334.0,192.0,369.0,303.0,346.0,384.0,438.0,384.0,476.0,357.0,446.0,411.0,255.52380952380952,0.0,0.0,0.0,C
453,369,223,192,234,407,342.0,207.0,276.0,226.0,261.0,346.0,384.0,492.0,396.0,476.0,446.0,361.0,442.0,389.5,379.0,425.75,423.5,253.61904761904762,0.0,0.0,0.0,C
353,365,326,273,288,234,246.0,269.0,134.0,288.0,323.0,319.0,284.0,392.0,284.0,307.0,207.0,303.0,188.0,303.0,401.0,405.5,436.0,251.71428571428572,0.0,0.0,0.0,C
373,215,315,296,338,334,319.0,265.0,323.0,223.0,392.0,269.0,338.0,373.0,411.0,288.0,365.0,219.0,334.0,307.0,423.0,385.25,448.5,249.8095238095238,0.0,0.0,0.0,C
338,265,407,226,326,307,361.0,265.0,415.0,269.0,238.0,173.0,315.0,476.0,415.0,419.0,342.0,465.0,303.0,319.0,492.0,365.0,461.0,247.90476190476193,0.0,0.0,0.0,C
338,188,303,196,384,319,419.0,284.0,365.0,226.0,346.0,215.0,415.0,288.0,384.0,269.0,392.0,269.0,357.0,223.0,357.0,273.0,276.0,246.0,411.0,0.0,0.0,C
492,476,242,146,296,142,211.0,226.0,307.0,484.0,315.0,346.0,196.0,338.0,315.0,338.0,273.0,265.0,342.0,255.5,349.5,332.5,331.3333333333333,275.3333333333333,404.55555555555554,0.0,0.0,C
357,438,365,315,373,319,303.0,207.0,292.0,357.0,311.0,392.0,265.0,384.0,365.0,353.0,296.0,403.0,269.0,288.0,342.0,392.0,386.6666666666667,304.6666666666667,398.1111111111111,0.0,0.0,C
257,334,323,303,392,326,342.0,234.0,411.0,315.0,242.0,323.0,203.0,261.0,323.0,338.0,303.0,423.0,288.0,376.0,469.0,346.0,442.0,334.0,391.6666666666667,0.0,0.0,C
407,288,292,284,311,346,211.0,238.0,361.0,226.0,442.0,361.0,361.0,323.0,376.0,407.0,411.0,415.0,426.0,438.0,423.0,492.0,434.0,361.0,385.22222222222223,0.0,0.0,C
138,53,138,207,376,365,446.0,373.0,388.0,242.0,384.0,453.0,423.0,465.0,311.0,384.0,369.0,396.0,419.0,346.0,488.0,361.0,334.0,369.0,378.77777777777777,0.0,0.0,C
188,165,253,261,373,319,242.0,161.0,226.0,111.0,257.0,369.0,338.0,388.0,426.0,384.0,311.0,315.0,323.0,384.0,338.0,361.0,296.0,352.5,372.3333333333333,0.0,0.0,C
226,242,246,246,211,238,184.0,238.0,184.0,146.0,234.0,323.0,426.0,365.0,357.0,334.0,238.0,276.0,388.0,376.0,365.0,330.3333333333333,331.6666666666667,336.0,365.8888888888889,0.0,0.0,C
188,176,246,273,226,234,238.0,284.0,246.0,315.0,461.0,415.0,461.0,461.0,442.0,322.5,207.0,255.0,355.5,336.0,351.5,299.6666666666667,367.3333333333333,319.5,359.44444444444446,0.0,0.0,C
338,173,246,246,392,292,296.0,269.0,273.0,88.0,238.0,146.0,173.0,19.0,184.0,311.0,176.0,234.0,323.0,296.0,338.0,269.0,403.0,303.0,353.0,0.0,0.0,C
188,123,246,173,211,173,346.0,269.0,384.0,342.0,269.0,246.0,323.0,223.0,176.0,311.0,303.0,361.0,376.0,453.0,411.0,442.0,391.57142857142856,303.18461538461537,351.63013698630135,0.0,0.0,C
23,57,92,76,192,46,15.0,103.0,326.0,142.0,123.0,115.0,157.0,138.0,292.0,311.0,384.0,361.0,414.5,466.0,408.0,429.8333333333333,380.14285714285717,303.3692307692308,350.26027397260276,0.0,0.0,C
326,342,242,284,207,307,165.0,276.0,157.0,157.0,238.0,142.0,203.0,138.0,288.0,338.0,319.0,361.0,453.0,479.0,405.0,417.6666666666667,368.7142857142857,303.55384615384617,348.8904109589041,0.0,0.0,C
261,153,284,311,346,261,238.0,338.0,184.0,357.0,426.0,296.0,107.0,96.0,69.0,184.0,184.0,353.0,311.0,492.0,402.0,405.5,357.2857142857143,303.73846153846154,347.52054794520546,0.0,0.0,C
426,415,284,238,84,215,188.0,157.0,261.0,207.0,184.0,253.0,334.0,476.0,165.0,159.0,274.5,299.5,386.0,449.5,399.0,393.3333333333333,345.85714285714283,303.9230769230769,346.1506849315069,0.0,0.0,C
373,361,273,334,242,269,261.0,211.0,226.0,46.0,265.0,203.0,226.0,326.0,261.0,134.0,365.0,246.0,461.0,407.0,396.0,381.1666666666667,334.42857142857144,304.10769230769233,344.7808219178082,0.0,0.0,C
373,361,269,323,265,165,146.0,269.0,215.0,173.0,276.0,465.0,411.0,461.0,315.0,476.0,388.0,403.0,419.0,457.0,388.0,369.0,323.0,304.2923076923077,343.4109589041096,0.0,0.0,C
319,319,211,296,257,126,207.0,238.0,307.0,346.0,353.0,323.0,311.0,284.0,365.0,326.0,388.0,369.0,446.0,442.0,385.8888888888889,371.27272727272725,325.1458333333333,304.4769230769231,342.041095890411,0.0,0.0,C
303,211,196,173,173,207,303.0,253.0,273.0,246.0,376.0,442.0,473.0,457.0,365.0,438.0,373.0,365.0,435.6666666666667,418.8,383.77777777777777,373.54545454545456,327.2916666666667,304.66153846153844,340.67123287671234,0.0,0.0,C
207,184,92,65,65,96,138.0,123.0,334.0,207.0,315.0,323.0,465.0,457.0,446.0,461.0,388.0,361.0,425.3333333333333,395.6,381.6666666666667,375.8181818181818,329.4375,304.84615384615387,339.3013698630137,0.0,0.0,C
234,269,157,173,46,215,203.0,273.0,246.0,342.0,353.0,353.0,215.0,242.0,296.0,492.0,488.0,496.0,415.0,372.4,379.55555555555554,378.09090909090907,331.5833333333333,305.03076923076924,337.93150684931504,0.0,0.0,C
326,303,184,169,238,165,284.0,292.0,396.0,246.0,284.0,311.0,396.0,357.0,323.0,311.0,288.0,288.0,395.5,349.2,377.44444444444446,380.3636363636364,333.7291666666667,305.2153846153846,336.56164383561645,0.0,0.0,C
407,288,238,226,311,257,315.0,303.0,257.0,288.0,226.0,276.0,311.0,446.0,384.0,419.0,396.0,438.0,376.0,326.0,375.3333333333333,382.6363636363636,335.875,305.4,335.1917808219178,0.0,0.0,C
307,215,123,211,207,211,234.0,223.0,211.0,219.0,319.0,284.0,276.0,365.0,273.0,361.0,374.5,382.0,364.5,361.0,373.22222222222223,384.90909090909093,338.0208333333333,305.5846153846154,333.82191780821915,0.0,0.0,C
311,223,373,319,311,176,226.0,184.0,211.0,173.0,323.0,311.0,384.0,253.0,242.0,219.0,353.0,326.0,353.0,396.0,371.1111111111111,387.1818181818182,340.1666666666667,305.7692307692308,332.45205479452056,0.0,0.0,C
461,388,276,161,134,188,323.0,311.0,346.0,326.0,311.0,169.0,388.0,396.0,369.0,396.0,388.0,296.0,384.0,407.0,369.0,389.45454545454544,342.3125,305.95384615384614,331.0821917808219,0.0,0.0,C
334,388,246,165,146,269,188.0,296.0,273.0,361.0,396.0,357.0,292.0,453.0,361.0,352.3333333333333,354.6666666666667,313.25,371.8,395.5,369.3636363636364,391.72727272727275,344.4583333333333,306.1384615384615,329.71232876712327,0.0,0.0,C
303,119,126,161,134,165,269.0,246.0,326.0,384.0,346.0,353.0,53.0,326.0,353.0,308.6666666666667,321.3333333333333,330.5,359.6,384.0,369.72727272727275,394.0,346.6041666666667,306.32307692307694,328.3424657534247,0.0,0.0,C
442,469,365,419,411,488,396.0,403.0,373.0,392.0,326.0,388.0,338.0,442.0,261.0,265.0,288.0,347.75,347.4,372.5,370.09090909090907,396.27272727272725,348.75,306.5076923076923,326.972602739726,0.0,0.0,C
376,303,311,346,353,261,246.0,234.0,315.0,219.0,296.0,169.0,126.0,103.0,223.0,234.0,261.0,365.0,335.2,361.0,370.45454545454544,398.54545454545456,350.8958333333333,306.6923076923077,325.6027397260274,0.0,0.0,C
326,238,203,226,315,273,307.0,288.0,296.0,219.0,219.0,342.0,446.0,384.0,373.0,142.0,192.0,369.0,323.0,349.5,370.8181818181818,400.8181818181818,353.0416666666667,306.87692307692305,324.2328767123288,0.0,0.0,C
403,257,303,342,369,403,326.0,384.0,419.0,396.0,419.0,373.0,361.0,261.0,323.0,357.0,392.0,365.0,415.0,338.0,371.1818181818182,403.0909090909091,355.1875,307.0615384615385,322.86301369863014,0.0,0.0,C
438,334,307,265,253,288,265.0,261.0,242.0,273.0,353.0,273.0,142.0,276.0,315.0,338.0,353.0,357.0,388.0,326.5,371.54545454545456,405.3636363636364,357.3333333333333,307.24615384615385,321.4931506849315,0.0,0.0,C
373,246,234,319,307,426,346.0,311.0,388.0,392.0,353.0,307.0,257.0,184.0,257.0,246.0,307.0,361.0,361.0,315.0,371.90909090909093,407.6363636363636,359.4791666666667,307.4307692307692,320.1232876712329,0.0,0.0,C
353,211,219,369,407,373,334.0,438.0,376.0,403.0,369.0,342.0,373.0,357.0,315.0,392.0,353.0,315.0,261.0,257.0,372.27272727272725,409.90909090909093,361.625,307.61538461538464,318.75342465753425,0.0,0.0,C
242,257,223,319,319,323,276.0,288.0,319.0,415.0,323.0,323.0,334.0,342.0,403.0,407.0,388.0,338.0,317.0,315.0,372.6363636363636,412.1818181818182,363.7708333333333,307.8,317.3835616438356,0.0,0.0,C
376,261,319,276,223,365,292.0,292.0,273.0,288.0,261.0,473.0,346.0,211.0,173.0,257.0,223.0,361.0,373.0,373.0,373.0,414.45454545454544,365.9166666666667,307.9846153846154,316.013698630137,0.0,0.0,C
388,369,242,238,176,296,365.0,361.0,292.0,292.0,253.0,373.0,292.0,253.0,261.0,334.0,326.0,353.0,288.0,296.0,284.0,416.72727272727275,368.0625,308.16923076923075,314.64383561643837,0.0,0.0,C
357,365,257,207,311,257,365.0,392.0,215.0,303.0,303.0,361.0,396.0,303.0,276.0,265.0,196.0,265.0,342.0,353.0,357.0,419.0,370.2083333333333,308.3538461538462,313.2739726027397,0.0,0.0,C
288,261,423,276,276,342,238.0,338.0,484.0,442.0,211.0,211.0,265.0,334.0,284.0,265.0,249.5,265.0,334.0,322.3333333333333,352.0,408.57142857142856,372.3541666666667,308.53846153846155,311.9041095890411,0.0,0.0,C
288,323,323,353,307,315,323.0,238.0,184.0,173.0,369.0,361.0,269.0,373.0,319.0,273.0,303.0,265.0,326.0,291.6666666666667,347.0,398.14285714285717,374.5,308.7230769230769,310.5342465753425,0.0,0.0,C
265,334,369,369,365,273,288.0,303.0,319.0,396.0,269.0,296.0,292.0,234.0,269.0,323.0,384.0,273.0,315.0,261.0,342.0,387.7142857142857,376.6458333333333,308.9076923076923,309.16438356164383,0.0,0.0,C
326,307,357,311,319,257,319.0,161.0,296.0,384.0,473.0,369.0,419.0,276.0,265.0,403.0,357.0,346.0,353.0,396.0,344.09090909090907,377.2857142857143,378.7916666666667,309.0923076923077,307.79452054794524,0.0,0.0,C
346,307,396,315,361,269,307.0,315.0,276.0,292.0,311.0,357.0,361.0,323.0,296.0,392.0,369.0,315.0,284.0,342.0,346.1818181818182,366.85714285714283,380.9375,309.2769230769231,306.4246575342466,0.0,0.0,C
307,265,211,288,261,196,319.0,338.0,265.0,484.0,392.0,342.0,376.0,303.0,365.0,368.0,341.0,264.0,284.0,328.77777777777777,348.27272727272725,356.42857142857144,383.0833333333333,309.46153846153845,305.05479452054794,0.0,0.0,C
423,376,261,269,315,346,346.0,226.0,292.0,303.0,303.0,415.0,457.0,446.0,330.3333333333333,344.0,313.0,213.0,284.0,315.55555555555554,350.3636363636364,346.0,385.2291666666667,309.6461538461538,303.6849315068493,0.0,0.0,C
323,334,423,465,269,69,92.0,376.0,278.5,314.5,368.5,401.5,391.5,359.5,295.6666666666667,320.0,285.0,162.0,284.0,302.3333333333333,352.45454545454544,335.57142857142856,387.375,309.83076923076925,302.3150684931507,0.0,0.0,C
296,346,326,419,453,388,353.0,269.0,265.0,326.0,434.0,388.0,326.0,273.0,261.0,296.0,257.0,111.0,284.0,289.1111111111111,354.54545454545456,325.1428571428571,389.52083333333337,310.0153846153846,300.94520547945206,0.0,0.0,C
223,234,215,307,238,311,307.0,292.0,411.0,423.0,415.0,457.0,376.0,365.0,334.0,326.0,261.0,276.0,287.8,275.8888888888889,356.6363636363636,314.7142857142857,391.6666666666667,310.2,299.5753424657534,0.0,0.0,C
334,311,461,361,311,319,323.0,392.0,407.0,342.0,353.0,307.0,361.0,265.0,334.0,345.5,304.25,286.75,291.6,262.6666666666667,358.72727272727275,304.2857142857143,393.8125,310.38461538461536,298.2054794520548,0.0,0.0,C
323,303,238,238,353,369,357.0,284.0,346.0,319.0,292.0,338.0,319.0,346.0,203.0,365.0,347.5,297.5,295.4,249.44444444444446,360.8181818181818,293.8571428571429,395.95833333333337,310.5692307692308,296.83561643835617,0.0,0.0,C
265,261,169,126,307,173,419.0,396.0,376.0,303.0,373.0,253.0,326.0,353.0,357.0,361.0,390.75,308.25,299.2,236.22222222222223,362.9090909090909,283.42857142857144,398.1041666666667,310.75384615384615,295.4657534246575,0.0,0.0,C
215,323,365,238,319,296,307.0,257.0,161.0,219.0,461.0,461.0,419.0,488.0,365.0,353.0,434.0,319.0,303.0,223.0,365.0,273.0,400.25,310.9384615384615,294.09589041095893,0.0,0.0,C
261,357,246,303,307,207,257.0,326.0,226.0,288.0,184.0,292.0,423.0,407.0,438.0,322.5,351.5,303.5,363.0,280.5,376.5,256.5,402.39583333333337,311.12307692307695,292.7260273972603,0.0,0.0,C
292,338,165,211,307,257,253.0,357.0,273.0,361.0,334.0,361.0,361.0,265.0,361.0,292.0,269.0,288.0,423.0,338.0,388.0,240.0,404.5416666666667,311.3076923076923,291.35616438356163,0.0,0.0,C
326,246,361,203,261,207,192.0,226.0,176.0,357.0,492.0,373.0,403.0,338.0,334.0,234.0,438.0,319.0,405.5,336.0,405.5,223.5,406.6875,311.4923076923077,289.986301369863,0.0,0.0,C
376,365,392,234,238,126,153.0,257.0,261.0,411.0,346.0,469.0,403.0,373.0,307.0,369.0,369.0,219.0,388.0,334.0,423.0,207.0,408.83333333333337,311.67692307692306,288.6164383561644,0.0,0.0,C
88,276,246,261,84,365,176.0,253.0,303.0,392.0,415.0,457.0,242.0,284.0,292.0,317.0,330.5,294.0,392.0,340.0,406.5,236.0,410.9791666666667,311.8615384615385,287.24657534246575,0.0,0.0,C
207,184,265,161,273,384,257.0,407.0,273.0,388.0,265.0,411.0,419.0,476.0,307.0,265.0,292.0,369.0,396.0,346.0,390.0,265.0,413.125,312.04615384615386,285.8767123287671,0.0,0.0,C
434,326,396,173,219,234,338.0,246.0,369.0,284.0,253.0,238.0,92.0,107.0,176.0,457.0,373.0,476.0,396.0,303.5,373.5,294.0,415.27083333333337,312.2307692307692,284.5068493150685,0.0,0.0,C
303,292,246,253,211,273,273.0,346.0,326.0,223.0,357.0,361.0,465.0,442.0,396.0,284.0,326.0,184.0,315.0,261.0,357.0,323.0,417.4166666666667,312.4153846153846,283.13698630136986,0.0,0.0,C
215,376,269,388,307,388,323.0,415.0,273.0,288.0,307.0,423.0,342.0,396.0,211.0,265.0,284.0,365.0,276.0,346.0,369.5,323.75,419.5625,312.6,281.7671232876712,0.0,0.0,C
392,376,353,342,269,284,188.0,326.0,276.0,353.0,257.0,376.0,311.0,373.0,361.0,342.0,257.0,346.0,246.0,407.0,382.0,324.5,421.70833333333337,312.7846153846154,280.3972602739726,0.0,0.0,C
323,292,238,415,342,353,407.0,303.0,384.0,276.0,303.0,465.0,403.0,411.0,346.0,426.0,292.0,253.0,276.0,361.0,394.5,325.25,423.8541666666667,312.96923076923076,279.027397260274,0.0,0.0,C
253,342,142,211,215,457,323.0,265.0,273.0,296.0,234.0,307.0,165.0,346.0,311.0,453.0,342.0,361.0,269.0,315.0,407.0,326.0,426.0,313.15384615384613,277.6575342465753,0.0,0.0,C
311,488,226,319,334,253,142.0,353.0,226.0,419.0,434.0,296.0,434.0,369.0,215.0,376.0,276.0,403.0,273.0,357.0,288.0,319.2,412.2,313.33846153846156,276.28767123287673,0.0,0.0,C
184,107,238,238,307,226,373.0,261.0,319.0,346.0,307.0,234.0,403.0,353.0,326.0,261.0,338.0,265.0,415.0,307.0,292.0,312.4,398.4,313.5230769230769,274.9178082191781,0.0,0.0,C
319,261,169,253,219,346,234.0,261.0,196.0,488.0,407.0,315.0,342.0,223.0,319.0,246.0,323.0,388.0,369.0,370.5,306.0,305.6,384.6,313.7076923076923,273.54794520547944,0.0,0.0,C
323,361,276,369,238,319,269.0,269.0,246.0,426.0,311.0,488.0,465.0,342.0,403.0,342.0,388.0,323.0,303.0,434.0,320.0,298.8,370.8,313.89230769230767,272.17808219178085,0.0,0.0,C
442,384,276,265,157,269,238.0,273.0,396.0,388.0,353.0,307.0,388.0,396.0,357.0,234.0,392.0,319.0,315.0,273.0,334.0,292.0,357.0,314.0769230769231,270.8082191780822,0.0,0.0,C
261,53,203,246,296,176,319.0,211.0,303.0,226.0,334.0,215.0,123.0,157.0,323.0,357.0,388.0,461.0,315.0,357.0,330.3333333333333,315.0,340.2,314.26153846153846,269.43835616438355,0.0,0.0,C
276,323,307,219,315,215,261.0,303.0,373.0,388.0,419.0,107.0,196.0,307.0,257.0,396.0,361.0,382.0,328.5,295.5,326.6666666666667,338.0,323.4,314.44615384615383,268.06849315068496,0.0,0.0,C
453,407,284,338,292,338,265.0,284.0,246.0,253.0,273.0,307.0,361.0,476.0,273.0,246.0,226.0,303.0,342.0,234.0,323.0,361.0,306.6,314.63076923076926,266.6986301369863,0.0,0.0,C
234,269,161,253,138,161,157.0,146.0,123.0,103.0,107.0,338.0,392.0,473.0,392.0,423.0,361.0,396.0,284.0,419.0,361.0,384.0,289.8,314.81538461538463,265.32876712328766,0.0,0.0,C
484,284,253,323,261,288,338.0,426.0,396.0,361.0,273.0,453.0,326.0,319.0,346.0,311.0,346.0,253.0,419.0,292.0,346.0,407.0,273.0,315.0,263.95890410958907,0.0,0.0,C
315,384,326,419,376,338,353.0,357.0,203.0,138.0,57.0,88.0,107.0,173.0,223.0,346.0,392.0,264.5,376.5,360.0,366.3333333333333,390.8,295.2,317.875,262.5890410958904,0.0,0.0,C
242,253,269,319,265,361,261.0,238.0,292.0,334.0,396.0,388.0,338.0,273.0,207.0,234.0,207.0,276.0,334.0,428.0,386.6666666666667,374.6,317.4,320.75,261.2191780821918,0.0,0.0,C
273,273,288,369,369,361,365.0,365.0,323.0,292.0,223.0,196.0,223.0,123.0,38.0,153.0,296.0,288.0,373.0,496.0,407.0,358.4,339.6,323.625,259.8493150684932,0.0,0.0,C
338,346,223,319,261,319,307.0,296.0,365.0,315.0,403.0,388.0,388.0,238.0,223.0,234.0,323.0,215.0,315.0,257.0,453.0,342.2,361.8,326.5,258.47945205479454,0.0,0.0,C
219,161,261,434,376,446,373.0,376.0,423.0,396.0,369.0,288.0,396.0,288.0,253.0,288.0,292.0,288.0,338.0,265.0,273.0,326.0,384.0,329.375,257.1095890410959,0.0,0.0,C
292,353,276,223,357,415,296.0,203.0,203.0,311.0,403.0,476.0,365.0,303.0,296.0,411.0,346.0,361.0,357.0,338.0,384.0,346.0,353.0,332.25,255.73972602739727,0.0,0.0,C
307,326,138,342,396,376,307.0,292.0,265.0,219.0,119.0,315.0,457.0,473.0,457.0,457.0,426.0,361.0,316.5,378.5,355.0,317.0,318.5,335.125,254.36986301369865,0.0,0.0,C
319,288,246,307,223,234,188.0,215.0,188.0,73.0,165.0,388.0,284.0,346.0,346.0,407.0,226.0,361.0,276.0,419.0,326.0,288.0,284.0,338.0,253.0,376.0,0.0,C
161,134,219,165,223,411,296.0,392.0,488.0,365.0,426.0,323.0,365.0,319.0,365.0,276.0,273.0,411.0,253.0,257.0,273.0,303.0,340.0,353.5,313.0,397.5,0.0,C
434,192,92,323,373,446,419.0,326.0,211.0,203.0,311.0,284.0,276.0,188.0,269.0,315.0,376.0,292.0,407.0,403.0,292.0,388.0,396.0,369.0,373.0,419.0,373.0,C
361,334,292,253,257,211,253.0,261.0,242.0,284.0,334.0,234.0,234.0,403.0,473.0,473.0,384.0,288.0,338.0,346.0,353.0,334.0,365.0,342.0,276.0,288.0,292.0,C
388,319,353,265,376,373,253.0,242.0,257.0,238.0,238.0,415.0,411.0,369.0,376.0,369.0,357.0,288.0,388.0,376.0,365.0,303.0,303.0,292.0,257.0,269.0,257.0,C
346,269,284,357,292,334,353.0,342.0,373.0,373.0,361.0,361.0,357.0,292.0,311.0,303.0,392.0,353.0,246.0,265.0,307.0,320.5,288.0,322.5,291.5,292.0,332.0,C
269,207,288,319,407,223,223.0,242.0,207.0,188.0,292.0,315.0,342.0,353.0,434.0,438.0,388.0,369.0,296.0,369.0,423.0,338.0,273.0,353.0,326.0,315.0,407.0,C
307,242,188,165,223,223,234.0,323.0,346.0,357.0,469.0,496.0,442.0,307.0,403.0,311.0,261.0,315.0,311.0,265.0,219.0,307.0,292.0,361.0,376.0,296.0,393.5,C
369,246,261,207,226,176,261.0,165.0,276.0,311.0,353.0,419.0,288.0,388.0,376.0,361.0,273.0,292.0,265.0,215.0,319.0,288.0,423.0,311.0,311.0,303.0,380.0,C
319,326,311,238,326,334,253.0,423.0,484.0,438.0,426.0,373.0,203.0,361.0,276.0,338.0,296.0,346.0,338.0,303.0,303.5,342.0,399.5,303.5,303.5,320.5,366.5,C
365,292,334,215,246,365,319.0,369.0,338.0,273.0,415.0,423.0,384.0,384.0,353.0,334.0,361.0,265.0,315.0,276.0,288.0,396.0,376.0,296.0,296.0,338.0,353.0,C
234,276,142,196,169,142,157.0,323.0,419.0,369.0,419.0,469.0,453.0,403.0,342.0,293.5,328.5,245.5,342.0,316.5,367.0,392.0,405.0,274.5,376.5,320.5,386.0,C
265,246,342,319,346,342,226.0,184.0,273.0,192.0,219.0,153.0,161.0,134.0,265.0,253.0,296.0,226.0,369.0,357.0,446.0,388.0,434.0,253.0,457.0,303.0,419.0,C
423,365,384,196,303,257,261.0,303.0,357.0,334.0,438.0,373.0,423.0,284.0,303.0,257.0,392.0,234.0,334.0,365.0,219.0,353.0,296.0,303.0,436.0,297.5,414.625,C
396,323,438,292,353,184,396.0,303.0,276.0,203.0,319.0,269.0,419.0,365.0,434.0,326.0,376.0,265.0,319.0,238.0,423.0,296.0,353.0,353.0,415.0,292.0,410.25,C
426,442,323,353,273,215,234.0,234.0,257.0,323.0,188.0,353.0,384.0,434.0,315.0,392.0,311.0,342.0,315.0,392.0,288.0,376.0,284.0,276.0,358.6666666666667,296.5,405.875,C
303,257,376,415,203,203,257.0,196.0,357.0,338.0,326.0,476.0,365.0,307.0,215.0,207.0,288.0,157.0,292.0,315.0,278.5,357.0,284.0,357.0,302.3333333333333,301.0,401.5,C
303,215,246,246,407,288,411.0,261.0,307.0,165.0,296.0,203.0,407.0,361.0,369.0,276.0,334.0,353.0,184.0,326.0,269.0,338.0,284.0,438.0,246.0,305.5,397.125,C
246,326,173,346,303,215,276.0,384.0,365.0,403.0,438.0,384.0,373.0,303.0,426.0,253.0,284.0,257.0,315.0,336.0,301.5,386.0,359.0,430.5,269.0,310.0,392.75,C
419,357,469,419,365,446,157.0,161.0,61.0,142.0,53.0,196.0,403.0,369.0,476.0,392.0,473.0,311.0,346.0,346.0,334.0,434.0,434.0,423.0,292.0,314.5,388.375,C
288,338,303,253,269,323,269.0,211.0,319.0,261.0,257.0,273.0,284.0,303.0,392.0,403.0,257.0,365.0,353.0,334.0,338.0,273.0,292.0,369.0,315.0,319.0,384.0,C
419,265,326,346,265,215,323.0,276.0,315.0,365.0,319.0,315.0,334.0,384.0,284.0,265.0,388.0,338.0,326.0,273.0,336.0,249.5,324.5,363.0,376.5,286.0,353.25,C
288,315,253,242,238,288,261.0,303.0,265.0,357.0,361.0,334.0,353.0,273.0,265.0,226.0,319.0,219.0,311.0,273.0,334.0,226.0,357.0,357.0,438.0,253.0,322.5,C
257,346,246,288,265,334,226.0,403.0,342.0,346.0,246.0,388.0,226.0,442.0,384.0,357.0,392.0,257.0,373.0,326.0,315.0,346.0,361.0,411.0,292.0,293.5,291.75,C
303,342,238,219,376,269,276.0,223.0,334.0,188.0,234.0,423.0,373.0,492.0,307.0,473.0,215.0,419.0,265.0,311.0,273.0,357.0,284.0,334.0,261.0,334.0,261.0,C
434,461,234,403,176,242,284.0,169.0,373.0,334.0,476.0,384.0,403.0,226.0,396.0,196.0,346.0,253.0,323.0,269.0,496.0,320.0,309.6666666666667,315.75,288.0,337.0,299.5,C
207,461,419,423,361,473,357.0,388.0,261.0,359.0,397.5,368.5,343.5,268.5,284.5,203.5,261.0,286.0,292.0,307.5,419.0,283.0,335.3333333333333,297.5,315.0,340.0,338.0,C
369,238,238,196,196,215,57.0,261.0,188.0,384.0,319.0,353.0,284.0,311.0,173.0,211.0,176.0,319.0,261.0,346.0,342.0,246.0,361.0,279.25,342.0,343.0,376.5,C
334,369,238,226,357,342,292.0,426.0,407.0,388.0,376.0,376.0,426.0,365.0,246.0,353.0,288.0,334.0,311.0,373.0,276.0,319.0,342.0,261.0,369.0,346.0,415.0,C
73,57,207,219,326,396,453.0,407.0,376.0,392.0,469.0,438.0,484.0,415.0,423.0,411.0,423.0,434.0,361.0,338.0,311.0,392.0,419.0,396.0,288.0,446.0,319.0,C
234,169,223,242,234,138,288.0,315.0,319.0,392.0,326.0,242.0,423.0,338.0,323.0,276.0,238.0,326.0,303.0,326.0,353.0,353.0,307.0,403.0,276.5,426.75,293.0,C
315,253,326,311,288,253,288.0,423.0,353.0,384.0,373.0,407.0,315.0,319.0,284.0,192.0,338.0,346.0,442.0,307.0,357.0,296.0,323.0,403.0,265.0,407.5,267.0,C
296,207,338,176,426,292,242.0,338.0,319.0,396.0,296.0,288.0,211.0,365.0,315.0,346.0,296.0,365.0,342.0,438.0,363.0,315.0,317.0,299.5,253.5,388.25,241.0,C
234,226,257,211,269,288,265.0,326.0,288.0,307.0,434.0,323.0,265.0,376.0,415.0,276.0,219.0,365.0,196.0,257.0,369.0,334.0,311.0,196.0,242.0,369.0,215.0,C
119,261,203,315,288,353,288.0,492.0,338.0,357.0,411.0,273.0,373.0,307.0,384.0,276.0,307.0,242.0,369.0,284.0,423.0,253.0,297.5,253.5,237.5,371.7083333333333,217.875,C
415,369,215,365,338,357,311.0,346.0,219.0,407.0,457.0,407.0,496.0,442.0,442.0,211.0,238.0,334.0,246.0,396.0,196.0,376.0,284.0,311.0,233.0,374.4166666666667,220.75,C
434,461,334,365,303,426,223.0,188.0,323.0,284.0,326.0,388.0,253.0,396.0,253.0,223.0,369.0,242.0,261.0,411.0,411.0,242.0,461.0,265.0,228.5,377.125,223.625,C
119,326,173,353,138,292,165.0,253.0,446.0,453.0,373.0,488.0,315.0,223.0,396.0,296.0,315.0,303.0,169.0,319.0,173.0,284.0,223.0,388.0,224.0,379.8333333333333,226.5,C
96,103,123,388,253,326,223.0,453.0,253.0,423.0,253.0,323.0,303.0,342.0,207.0,346.0,238.0,426.0,292.0,488.0,346.0,434.0,334.0,393.0,219.5,382.5416666666667,229.375,C
215,115,284,284,469,269,476.0,307.0,438.0,338.0,146.0,296.0,465.0,338.0,288.0,465.0,303.0,411.0,365.0,392.0,305.5,374.5,263.0,398.0,215.0,385.25,232.25,C
303,457,257,176,219,115,276.0,92.0,119.0,207.0,184.0,326.0,192.0,223.0,115.0,242.0,426.0,319.0,438.0,296.0,265.0,315.0,192.0,403.0,210.5,387.9583333333333,235.125,C
269,207,369,476,403,273,453.0,361.0,188.0,173.0,196.0,426.0,253.0,307.0,234.0,207.0,296.0,311.0,311.0,165.0,288.0,321.3333333333333,233.25,393.5,206.0,390.6666666666667,238.0,C
484,346,357,203,265,123,265.0,146.0,242.0,269.0,338.0,123.0,219.0,92.0,103.0,238.0,146.0,353.0,269.0,361.0,311.0,327.6666666666667,274.5,384.0,201.5,393.375,240.875,C
257,453,419,165,346,165,342.0,142.0,53.0,269.0,173.0,353.0,273.0,92.0,276.0,319.0,203.0,311.0,257.0,311.0,334.0,334.0,315.75,374.5,197.0,396.0833333333333,243.75,C
357,238,253,361,226,253,203.0,265.0,219.0,269.0,138.0,353.0,288.0,384.0,284.0,388.0,323.0,392.0,323.0,284.0,273.0,261.0,357.0,365.0,192.5,398.7916666666667,246.625,C
207,342,388,261,453,373,457.0,353.0,361.0,334.0,315.0,269.0,319.0,426.0,388.0,342.0,253.0,292.0,246.0,307.0,157.0,384.0,265.0,296.0,188.0,401.5,249.5,C
396,242,369,146,269,169,276.0,184.0,238.0,365.0,319.0,384.0,307.0,303.0,338.0,403.0,457.0,384.0,365.0,323.0,361.0,359.0,272.75,297.75,206.25,404.2083333333333,252.375,C
269,265,292,284,284,353,307.0,361.0,234.0,207.0,376.0,415.0,357.0,426.0,426.0,323.0,284.0,173.0,303.0,342.0,322.6666666666667,334.0,280.5,299.5,224.5,406.9166666666667,255.25,C
146,207,207,211,284,203,303.0,353.0,334.0,357.0,407.0,365.0,373.0,361.0,357.0,438.0,346.0,284.5,322.5,357.5,284.3333333333333,309.0,288.25,301.25,242.75,409.625,258.125,C
303,388,361,373,307,342,223.0,219.0,119.0,226.0,226.0,323.0,211.0,269.0,376.0,326.0,307.0,396.0,342.0,373.0,246.0,284.0,296.0,303.0,261.0,412.3333333333333,261.0,C
215,269,219,169,257,192,307.0,288.0,284.0,296.0,188.0,276.0,207.0,315.0,276.0,419.0,246.0,392.0,311.0,338.0,284.0,438.0,284.0,384.0,253.0,415.0416666666667,263.875,C
288,357,273,419,176,342,211.0,257.0,338.0,415.0,357.0,315.0,373.0,384.0,211.0,288.0,396.0,303.0,338.0,215.0,270.5,406.0,270.0,384.0,251.25,417.75,266.75,C
203,338,292,357,246,226,326.0,176.0,315.0,423.0,296.0,461.0,303.0,426.0,284.0,369.0,296.0,388.0,238.0,326.0,257.0,374.0,256.0,384.0,249.5,420.4583333333333,269.625,C
369,234,353,273,261,411,257.0,346.0,196.0,357.0,157.0,384.0,465.0,357.0,453.0,419.0,203.0,384.0,196.0,315.0,234.0,342.0,242.0,384.0,247.75,423.1666666666667,272.5,C
434,165,292,223,319,192,334.0,146.0,246.0,226.0,476.0,365.0,446.0,307.0,415.0,284.0,446.0,273.0,415.0,238.0,326.0,176.0,388.0,269.0,246.0,425.875,275.375,C
326,207,284,157,303,257,419.0,276.0,384.0,196.0,307.0,403.0,311.0,426.0,326.0,253.0,423.0,407.0,234.0,403.0,288.0,222.33333333333334,343.0,299.6666666666667,271.6666666666667,428.5833333333333,278.25,C
465,307,273,426,253,96,288.0,303.0,292.0,353.0,353.0,407.0,326.0,407.0,323.0,392.0,342.0,438.0,276.0,384.0,276.0,268.6666666666667,298.0,330.3333333333333,297.3333333333333,431.2916666666667,281.125,C
265,226,234,146,223,107,284.0,184.0,265.0,234.0,453.0,411.0,311.0,353.0,307.0,461.0,376.0,446.0,211.0,373.0,273.0,315.0,253.0,361.0,323.0,434.0,284.0,C
242,338,265,288,315,396,396.0,323.0,296.0,376.0,392.0,276.0,403.0,376.0,403.0,365.0,338.0,311.0,288.0,253.0,415.0,273.0,426.0,363.0,307.5,387.0,284.0,C
196,223,184,334,369,361,323.0,334.0,265.0,319.0,219.0,438.0,373.0,415.0,426.0,423.0,292.0,242.0,319.0,261.0,407.0,369.0,288.0,365.0,292.0,340.0,284.0,C
265,388,334,296,303,338,357.0,361.0,276.0,319.0,261.0,361.0,423.0,376.0,369.0,361.0,369.0,369.0,292.0,334.0,380.0,361.0,288.0,301.5,290.0,293.0,284.0,C
392,284,219,323,303,276,346.0,307.0,261.0,234.0,134.0,142.0,284.0,411.0,415.0,369.0,357.0,346.0,357.0,346.0,353.0,353.0,288.0,238.0,288.0,246.0,284.0,C
261,261,169,265,253,269,292.0,219.0,273.0,353.0,315.0,288.0,257.0,423.0,376.0,365.0,323.0,292.0,365.0,234.0,303.0,371.0,288.61538461538464,253.3846153846154,290.38461538461536,256.9230769230769,284.0,C
273,223,253,442,361,488,476.0,419.0,476.0,423.0,326.0,288.0,303.0,307.0,226.0,357.0,419.0,305.5,295.5,280.0,336.0,389.0,289.2307692307692,268.7692307692308,292.7692307692308,267.84615384615387,284.0,C
292,261,257,373,238,319,265.0,326.0,261.0,319.0,307.0,288.0,373.0,246.0,334.0,315.0,346.0,319.0,226.0,326.0,369.0,407.0,289.84615384615387,284.15384615384613,295.15384615384613,278.7692307692308,284.0,C
326,238,238,342,269,338,311.0,273.0,326.0,261.0,242.0,369.0,276.0,296.0,284.0,346.0,307.0,296.0,323.0,323.0,334.0,402.0,290.46153846153845,299.53846153846155,297.53846153846155,289.6923076923077,284.0,C
184,184,257,411,415,488,488.0,321.0,297.5,249.5,279.0,358.6666666666667,286.3333333333333,266.3333333333333,285.0,340.25,315.75,324.75,321.0,360.5,319.3333333333333,397.0,291.0769230769231,314.9230769230769,299.9230769230769,300.61538461538464,284.0,C
315,288,338,265,426,484,334.0,369.0,269.0,238.0,316.0,348.3333333333333,296.6666666666667,236.66666666666666,286.0,334.5,324.5,353.5,319.0,398.0,304.6666666666667,392.0,291.6923076923077,330.3076923076923,302.3076923076923,311.53846153846155,284.0,C
238,153,196,273,253,457,461.0,411.0,403.0,403.0,353.0,338.0,307.0,207.0,287.0,328.75,333.25,382.25,317.0,435.5,290.0,387.0,292.3076923076923,345.6923076923077,304.6923076923077,322.46153846153845,284.0,C
115,138,207,188,203,284,307.0,261.0,392.0,423.0,342.0,415.0,369.0,396.0,288.0,323.0,342.0,411.0,315.0,473.0,275.3333333333333,382.0,292.9230769230769,361.0769230769231,307.0769230769231,333.38461538461536,284.0,C
476,369,188,134,84,173,103.0,265.0,261.0,388.0,284.0,423.0,338.0,353.0,196.0,134.0,273.0,207.0,226.0,242.0,260.6666666666667,377.0,293.53846153846155,376.46153846153845,309.46153846153845,344.3076923076923,284.0,C
311,219,403,457,411,292,253.0,269.0,173.0,388.0,288.0,357.0,315.0,438.0,346.0,342.0,207.0,315.0,142.0,273.0,246.0,372.0,294.15384615384613,391.8461538461538,311.84615384615387,355.2307692307692,284.0,C
257,319,323,211,315,203,169.0,257.0,334.0,473.0,296.0,338.0,284.0,176.0,307.0,226.0,361.0,278.5,240.0,257.5,294.0,367.0,294.7692307692308,407.2307692307692,314.2307692307692,366.1538461538462,284.0,C
257,226,253,169,288,188,284.0,219.0,303.0,176.0,373.0,376.0,442.0,273.0,419.0,326.0,307.0,242.0,338.0,242.0,342.0,362.0,295.38461538461536,422.61538461538464,316.61538461538464,377.0769230769231,284.0,C
296,223,396,242,242,176,219.0,119.0,273.0,273.0,453.0,361.0,411.0,488.0,353.0,361.0,376.0,365.0,273.0,488.0,303.0,357.0,296.0,438.0,319.0,388.0,284.0,C
392,273,388,211,323,261,326.0,288.0,396.0,457.0,403.0,484.0,311.0,476.0,303.0,384.0,284.0,373.0,303.0,417.0,364.5,311.0,357.5,355.5,326.5,290.0,309.0,C
373,284,261,296,211,288,173.0,273.0,253.0,284.0,319.0,465.0,438.0,342.0,307.0,403.0,334.0,326.0,453.0,346.0,426.0,265.0,419.0,273.0,334.0,192.0,334.0,C
226,234,357,238,361,273,315.0,261.0,338.0,273.0,384.0,426.0,373.0,476.0,307.0,361.0,276.0,419.0,338.0,438.0,211.0,334.0,451.5,294.0,384.0,240.0,343.85714285714283,C
176,211,157,292,161,296,284.0,265.0,373.0,253.0,361.0,265.0,407.0,334.0,411.0,273.0,496.0,419.0,461.0,303.0,457.0,307.0,484.0,315.0,434.0,288.0,353.7142857142857,C
115,303,161,269,238,342,196.0,396.0,342.0,353.0,476.0,253.0,388.0,388.0,372.5,338.0,376.5,405.5,436.6666666666667,349.3333333333333,370.0,306.2,451.0,338.8,415.6,275.6,363.57142857142856,C
215,334,142,207,161,142,276.0,203.0,373.0,334.0,173.0,388.0,342.0,442.0,334.0,403.0,257.0,392.0,412.3333333333333,395.6666666666667,283.0,305.4,418.0,362.6,397.2,263.2,373.42857142857144,C
419,396,284,353,223,373,234.0,411.0,184.0,319.0,207.0,376.0,276.0,426.0,315.0,219.0,334.0,226.0,388.0,442.0,196.0,304.6,385.0,386.4,378.8,250.8,383.2857142857143,C
184,253,146,269,134,361,292.0,319.0,269.0,342.0,457.0,438.0,209.0,368.5,265.0,297.5,276.5,311.0,357.0,438.0,228.5,303.8,352.0,410.2,360.4,238.4,393.14285714285717,C
426,161,338,257,319,123,253.0,307.0,84.0,315.0,173.0,311.0,142.0,311.0,215.0,376.0,219.0,396.0,326.0,434.0,261.0,303.0,319.0,434.0,342.0,226.0,403.0,C
357,311,238,342,223,357,288.0,334.0,388.0,288.0,338.0,311.0,373.0,292.0,426.0,426.0,488.0,419.0,355.0,374.5,324.5,313.0,355.5,429.8333333333333,340.6666666666667,227.85294117647058,402.54901960784315,C
415,261,338,296,369,203,326.0,273.0,342.0,361.0,361.0,219.0,292.0,403.0,303.0,342.0,353.0,442.0,384.0,315.0,388.0,323.0,392.0,425.6666666666667,339.3333333333333,229.7058823529412,402.0980392156863,C
376,292,203,284,265,326,342.0,303.0,226.0,388.0,296.0,207.0,223.0,319.0,407.0,423.0,423.0,411.0,419.0,446.0,388.0,323.0,381.6,421.5,338.0,231.55882352941177,401.6470588235294,C
296,253,346,334,342,311,446.0,326.0,407.0,403.0,373.0,315.0,265.0,403.0,373.0,326.0,369.0,303.0,384.0,365.0,319.0,346.0,371.2,417.3333333333333,336.6666666666667,233.41176470588235,401.19607843137254,C
434,361,423,473,434,423,442.0,311.0,288.0,296.0,396.0,357.0,342.0,370.5,367.0,316.5,353.5,370.5,401.5,420.5,311.25,358.5,360.8,413.1666666666667,335.3333333333333,235.26470588235293,400.7450980392157,C
138,196,173,246,203,211,211.0,242.0,276.0,303.0,365.0,357.0,419.0,338.0,361.0,307.0,338.0,438.0,419.0,476.0,303.5,371.0,350.4,409.0,334.0,237.11764705882354,400.29411764705884,C
296,165,253,161,446,284,338.0,326.0,261.0,357.0,384.0,453.0,415.0,476.0,411.0,461.0,461.0,349.5,413.0,409.0,295.75,383.5,340.0,404.8333333333333,332.6666666666667,238.97058823529412,399.84313725490193,C
203,253,111,226,76,153,261.0,242.0,296.0,246.0,307.0,215.0,376.0,365.0,373.0,338.0,326.0,261.0,407.0,342.0,288.0,396.0,329.6,400.6666666666667,331.3333333333333,240.8235294117647,399.3921568627451,C
253,415,307,388,253,357,361.0,446.0,465.0,411.0,488.0,453.0,319.0,426.0,307.0,426.0,374.5,317.0,399.5,345.75,293.75,365.25,319.2,396.5,330.0,242.6764705882353,398.94117647058823,C
165,288,207,146,253,176,211.0,188.0,238.0,246.0,246.0,226.0,361.0,476.0,423.0,442.0,423.0,373.0,392.0,349.5,299.5,334.5,308.8,392.3333333333333,328.6666666666667,244.52941176470588,398.4901960784314,C
238,253,119,207,311,192,284.0,188.0,276.0,384.0,438.0,426.0,496.0,453.0,434.0,353.0,307.0,334.0,403.0,353.25,305.25,303.75,298.4,388.1666666666667,327.3333333333333,246.38235294117646,398.03921568627453,C
269,288,296,357,238,365,319.0,342.0,261.0,361.0,334.0,292.0,411.0,392.0,426.0,373.0,334.0,365.0,326.0,357.0,311.0,273.0,288.0,384.0,326.0,248.23529411764707,397.5882352941176,C
326,223,238,253,257,246,276.0,246.0,288.0,423.0,407.0,388.0,396.0,438.0,384.0,465.0,365.0,311.0,419.0,423.0,369.0,353.0,294.9,381.7894736842105,327.3030303030303,250.08823529411765,397.1372549019608,C
273,88,196,226,253,319,273.0,319.0,253.0,326.0,261.0,296.0,338.0,446.0,446.0,376.0,363.0,328.5,425.3333333333333,390.6666666666667,387.0,361.1111111111111,301.8,379.57894736842104,328.6060606060606,251.94117647058823,396.6862745098039,C
269,176,119,138,196,188,196.0,223.0,215.0,473.0,465.0,426.0,496.0,342.0,373.0,357.0,361.0,346.0,431.6666666666667,358.3333333333333,405.0,369.22222222222223,308.7,377.36842105263156,329.90909090909093,253.79411764705884,396.2352941176471,C
246,307,157,157,323,169,288.0,373.0,238.0,476.0,396.0,457.0,384.0,407.0,303.0,469.0,396.0,438.0,438.0,326.0,423.0,377.3333333333333,315.6,375.1578947368421,331.2121212121212,255.64705882352942,395.7843137254902,C
423,173,323,219,369,188,269.0,284.0,211.0,319.0,315.0,346.0,307.0,238.0,361.0,273.0,453.0,226.0,407.0,339.0,394.0,385.44444444444446,322.5,372.9473684210526,332.5151515151515,257.5,395.3333333333333,C
342,196,253,238,407,357,361.0,415.0,446.0,303.0,292.0,165.0,361.0,188.0,438.0,426.0,284.0,442.0,390.0,352.0,365.0,393.55555555555554,329.4,370.7368421052632,333.8181818181818,259.3529411764706,394.88235294117646,C
326,234,388,188,311,257,357.0,303.0,384.0,226.0,369.0,223.0,319.0,269.0,411.0,315.0,403.0,396.0,373.0,365.0,336.0,401.6666666666667,336.3,368.5263157894737,335.1212121212121,261.20588235294116,394.4313725490196,C
369,361,161,346,134,261,296.0,169.0,246.0,192.0,246.0,442.0,315.0,492.0,465.0,319.0,361.0,257.0,326.0,211.0,307.0,409.77777777777777,343.2,366.3157894736842,336.42424242424244,263.05882352941177,393.98039215686276,C
196,311,223,288,226,292,165.0,388.0,242.0,365.0,315.0,261.0,473.0,284.0,357.0,323.0,465.0,311.0,346.0,253.0,315.0,417.8888888888889,350.1,364.10526315789474,337.72727272727275,264.9117647058824,393.52941176470586,C
288,346,273,334,207,342,223.0,292.0,226.0,392.0,192.0,342.0,188.0,369.0,323.0,473.0,338.0,353.0,473.0,415.0,296.0,426.0,357.0,361.89473684210526,339.030303030303,266.7647058823529,393.078431372549,C
319,426,353,311,373,311,123.0,246.0,103.0,288.0,357.0,273.0,461.0,273.0,473.0,238.0,403.0,257.0,415.0,415.0,396.0,276.0,376.5,359.6842105263158,340.3333333333333,268.61764705882354,392.62745098039215,C
276,373,188,276,161,303,315.0,234.0,457.0,338.0,446.0,257.0,342.0,296.0,419.0,311.0,373.0,276.0,373.0,246.0,373.0,319.0,396.0,357.4736842105263,341.6363636363636,270.47058823529414,392.1764705882353,C
423,134,69,311,157,319,226.0,423.0,288.0,411.0,284.0,384.0,276.0,384.0,276.0,342.0,269.0,346.0,346.0,332.5,324.5,378.5,378.42857142857144,355.2631578947368,342.93939393939394,272.3235294117647,391.72549019607845,C
346,223,265,207,303,157,365.0,138.0,188.0,384.0,319.0,338.0,284.0,365.0,246.0,369.0,276.0,465.0,334.0,419.0,276.0,438.0,360.85714285714283,353.05263157894734,344.24242424242425,274.1764705882353,391.27450980392155,C
207,365,219,365,288,419,446.0,365.0,423.0,207.0,311.0,173.0,353.0,484.0,426.0,369.0,303.0,428.5,295.5,360.0,287.6,423.4,343.2857142857143,350.8421052631579,345.54545454545456,276.02941176470586,390.8235294117647,C
157,353,142,188,334,157,346.0,138.0,342.0,146.0,419.0,453.0,246.0,442.0,338.0,346.0,238.0,392.0,257.0,301.0,299.2,408.8,325.7142857142857,348.63157894736844,346.8484848484849,277.88235294117646,390.37254901960785,C
184,307,188,403,203,415,238.0,353.0,246.0,323.0,288.0,338.0,238.0,353.0,219.0,369.0,373.0,296.0,338.0,242.0,310.8,394.2,308.1428571428571,346.42105263157896,348.1515151515151,279.7352941176471,389.921568627451,C
211,365,226,288,396,269,226.0,369.0,296.0,423.0,292.0,461.0,307.0,303.0,384.0,338.0,411.0,284.0,272.5,315.0,322.4,379.6,290.57142857142856,344.2105263157895,349.45454545454544,281.5882352941177,389.47058823529414,C
253,307,119,288,242,288,223.0,365.0,311.0,403.0,311.0,365.0,453.0,307.0,469.0,319.0,296.0,384.0,207.0,388.0,334.0,365.0,273.0,342.0,350.75757575757575,283.44117647058823,389.01960784313724,C
211,273,246,288,169,303,188.0,365.0,273.0,334.0,269.0,438.0,319.0,403.0,396.0,276.0,334.0,319.0,315.0,215.0,261.0,223.0,353.0,349.6666666666667,352.06060606060606,285.29411764705884,388.5686274509804,C
415,373,357,346,303,188,219.0,326.0,434.0,407.0,303.0,273.0,257.0,284.0,246.0,284.0,292.0,292.0,284.0,309.0,311.0,323.0,374.25,357.3333333333333,353.3636363636364,287.1470588235294,388.11764705882354,C
338,226,261,288,253,307,334.0,323.0,315.0,303.0,265.0,326.0,392.0,365.0,365.0,257.0,311.0,373.0,369.0,403.0,361.0,423.0,395.5,365.0,354.6666666666667,289.0,387.6666666666667,C
384,365,273,326,226,265,361.0,273.0,373.0,334.0,323.0,415.0,288.0,423.0,373.0,303.0,311.0,276.0,419.0,286.0,365.0,367.0,416.75,372.6666666666667,355.969696969697,290.8529411764706,387.2156862745098,C
353,219,326,196,373,211,353.0,207.0,315.0,242.0,357.0,315.0,396.0,326.0,396.0,215.0,357.0,242.0,315.0,169.0,369.0,311.0,438.0,380.3333333333333,357.27272727272725,292.70588235294116,386.7647058823529,C
365,207,226,296,234,403,292.0,388.0,196.0,365.0,184.0,438.0,438.0,334.0,442.0,465.0,257.0,365.0,184.0,392.0,253.0,317.75,379.25,388.0,358.57575757575756,294.55882352941177,386.3137254901961,C
361,419,284,419,423,203,484.0,365.0,361.0,461.0,434.0,234.0,342.0,188.0,465.0,357.0,373.0,288.0,244.33333333333334,383.0,234.0,324.5,320.5,395.6666666666667,359.8787878787879,296.4117647058824,385.8627450980392,C
307,442,403,465,453,265,319.0,226.0,469.0,353.0,342.0,423.0,403.0,269.0,376.0,269.0,446.0,211.0,304.6666666666667,374.0,215.0,331.25,261.75,403.3333333333333,361.1818181818182,298.2647058823529,385.4117647058824,C
284,415,226,288,338,219,276.0,184.0,288.0,215.0,323.0,307.0,423.0,246.0,496.0,357.0,361.0,134.0,365.0,365.0,196.0,338.0,203.0,411.0,362.4848484848485,300.11764705882354,384.96078431372547,C
373,376,242,246,411,292,288.0,184.0,353.0,357.0,453.0,234.0,403.0,276.0,426.0,346.0,326.0,273.0,388.0,307.0,248.33333333333334,337.0,229.0,417.2,363.7878787878788,301.97058823529414,384.5098039215686,C
342,315,296,269,288,269,292.0,211.0,326.0,276.0,407.0,257.0,326.0,423.0,242.0,373.0,365.0,313.0,405.5,334.0,300.6666666666667,336.0,255.0,423.4,365.09090909090907,303.8235294117647,384.05882352941177,C
392,284,176,257,169,276,238.0,319.0,307.0,284.0,396.0,376.0,365.0,273.0,276.0,303.0,334.0,353.0,423.0,361.0,353.0,335.0,281.0,429.6,366.3939393939394,305.6764705882353,383.6078431372549,C
311,246,246,238,315,369,323.0,296.0,242.0,157.0,273.0,273.0,338.0,234.0,338.0,365.0,326.0,296.0,323.0,276.0,334.0,334.0,307.0,435.8,367.6969696969697,307.52941176470586,383.156862745098,C
288,296,203,311,373,269,296.0,273.0,315.0,288.0,369.0,338.0,273.0,261.0,303.0,184.0,353.0,288.0,361.0,361.0,423.0,384.0,323.0,442.0,369.0,309.38235294117646,382.70588235294116,C
303,215,311,184,265,242,311.0,203.0,265.0,157.0,311.0,146.0,84.0,65.0,184.0,107.0,123.0,261.0,196.0,311.0,413.0,374.4,321.4,434.7,380.5,311.2352941176471,382.2549019607843,C
211,353,226,207,19,188,92.0,276.0,138.0,192.0,103.0,226.0,119.0,238.0,103.0,238.0,253.0,415.0,323.0,388.0,403.0,364.8,319.8,427.4,392.0,313.0882352941177,381.80392156862746,C
411,184,226,196,396,396,311.0,142.0,496.0,307.0,415.0,339.5,294.0,272.5,195.5,222.5,278.0,342.0,315.25,354.25,385.75,355.2,318.2,420.1,403.5,314.94117647058823,381.3529411764706,C
288,292,126,176,96,188,257.0,276.0,276.0,434.0,496.0,453.0,469.0,307.0,288.0,207.0,303.0,269.0,307.5,320.5,368.5,345.6,316.6,412.8,415.0,316.79411764705884,380.9019607843137,C
215,223,115,188,76,219,146.0,269.0,223.0,88.0,88.0,211.0,407.5,263.0,330.5,241.5,349.5,278.5,299.75,286.75,351.25,336.0,315.0,405.5,426.5,318.6470588235294,380.45098039215685,C
384,419,457,353,496,407,361.0,234.0,403.0,253.0,369.0,196.0,346.0,219.0,373.0,276.0,396.0,288.0,292.0,253.0,334.0,326.4,313.4,398.2,438.0,320.5,380.0,C
334,423,203,261,288,153,276.0,357.0,388.0,288.0,346.0,269.0,303.0,261.0,357.0,273.0,392.0,257.0,315.0,261.0,329.25,316.8,311.8,390.9,449.5,322.3529411764706,379.54901960784315,C
384,269,211,311,273,373,307.0,315.0,146.0,296.0,369.0,492.0,346.0,361.0,303.0,292.0,373.0,323.0,338.0,269.0,324.5,307.2,310.2,383.6,461.0,324.20588235294116,379.0980392156863,C
226,234,26,176,138,303,223.0,303.0,169.0,273.0,365.0,292.0,334.0,361.0,313.0,290.0,359.5,330.5,315.0,280.5,319.75,297.6,308.6,376.3,472.5,326.05882352941177,378.6470588235294,C
388,369,392,296,338,215,215.0,196.0,346.0,196.0,257.0,238.0,265.0,361.0,323.0,288.0,346.0,338.0,292.0,292.0,315.0,288.0,307.0,369.0,484.0,327.9117647058824,378.19607843137254,C
276,207,157,269,315,273,334.0,292.0,415.0,361.0,315.0,261.0,196.0,223.0,276.0,238.0,288.0,338.0,373.0,326.0,373.0,369.0,319.4,369.59375,483.28125,329.7647058823529,377.7450980392157,C
188,238,192,246,273,334,292.0,338.0,311.0,284.0,426.0,292.0,273.0,288.0,296.0,269.0,284.0,307.0,384.0,366.5,330.5,380.5,331.8,370.1875,482.5625,331.61764705882354,377.29411764705884,C
365,369,242,207,265,146,319.0,319.0,273.0,253.0,292.0,326.0,261.0,138.0,253.0,265.0,307.0,234.0,384.0,407.0,288.0,392.0,344.2,370.78125,481.84375,333.47058823529414,376.843137254902,C
415,269,246,353,273,257,226.0,353.0,307.0,361.0,369.0,292.0,173.0,215.0,365.0,326.0,246.0,384.0,365.0,423.0,357.0,342.0,356.6,371.375,481.125,335.3235294117647,376.3921568627451,C
438,396,211,319,234,315,311.0,284.0,311.0,257.0,423.0,292.0,453.0,388.0,446.0,311.0,346.0,311.0,326.0,346.0,426.0,292.0,369.0,371.96875,480.40625,337.1764705882353,375.94117647058823,C
292,184,407,373,434,323,376.0,207.0,296.0,396.0,369.0,403.0,296.0,419.0,265.0,303.0,469.0,392.0,319.0,323.0,407.0,306.0,369.0,372.5625,479.6875,339.02941176470586,375.4901960784314,C
246,338,488,288,396,261,276.0,203.0,246.0,257.0,353.0,311.0,269.0,292.0,353.0,307.0,384.0,265.0,419.0,342.0,388.0,320.0,369.0,373.15625,478.96875,340.88235294117646,375.03921568627453,C
303,369,223,153,215,223,403.0,307.0,292.0,392.0,319.0,346.0,173.0,311.0,311.0,392.0,373.0,453.0,369.0,361.0,369.0,334.0,369.0,373.75,478.25,342.7352941176471,374.5882352941176,C
242,253,246,234,326,215,323.0,296.0,334.0,288.0,319.0,388.0,261.0,342.0,234.0,288.0,288.0,211.0,269.0,265.0,334.0,297.5,369.0,374.34375,477.53125,344.5882352941177,374.1372549019608,C
307,257,215,184,307,242,334.0,307.0,253.0,357.0,357.0,326.0,311.0,269.0,226.0,284.0,265.0,265.0,188.0,307.0,315.0,261.0,369.0,374.9375,476.8125,346.44117647058823,373.6862745098039,C
234,238,284,273,284,265,219.0,265.0,161.0,265.0,415.0,461.0,396.0,253.0,226.0,353.0,319.0,309.0,322.5,318.5,326.5,282.25,369.0,375.53125,476.09375,348.29411764705884,373.2352941176471,C
323,338,265,207,203,196,196.0,407.0,373.0,292.0,292.0,323.0,365.0,361.0,323.0,346.0,373.0,353.0,457.0,330.0,338.0,303.5,369.0,376.125,475.375,350.1470588235294,372.7843137254902,C
361,273,207,323,296,357,357.0,288.0,226.0,353.0,392.0,319.0,292.0,246.0,346.0,361.0,361.0,328.0,399.5,341.5,349.5,324.75,369.0,376.71875,474.65625,352.0,372.3333333333333,C
261,215,311,288,303,361,342.0,388.0,311.0,242.0,242.0,334.0,353.0,357.0,407.0,361.0,303.0,303.0,342.0,353.0,361.0,346.0,369.0,377.3125,473.9375,353.8529411764706,371.88235294117646,C
284,215,369,276,207,311,265.0,211.0,296.0,253.0,319.0,365.0,369.0,342.0,407.0,346.0,334.0,334.0,361.0,273.0,365.0,374.5,369.0,377.90625,473.21875,355.7058823529412,371.4313725490196,C
261,338,319,307,242,323,296.0,242.0,284.0,361.0,361.0,315.0,357.0,265.0,273.0,296.0,303.0,311.0,276.0,373.0,369.0,403.0,369.0,378.5,472.5,357.55882352941177,370.98039215686276,C
315,261,346,326,315,246,276.0,269.0,246.0,207.0,284.0,338.0,415.0,403.0,446.0,357.0,346.0,453.0,281.1666666666667,360.1666666666667,377.3333333333333,414.0,361.61538461538464,379.09375,471.78125,359.4117647058823,370.52941176470586,C
307,242,303,376,276,307,346.0,392.0,353.0,353.0,326.0,288.0,315.0,357.0,273.0,203.0,323.0,357.0,286.3333333333333,347.3333333333333,385.6666666666667,425.0,354.2307692307692,379.6875,471.0625,361.2647058823529,370.078431372549,C
238,238,296,253,311,319,276.0,246.0,238.0,184.0,307.0,334.0,346.0,319.0,253.0,326.0,315.0,315.75,291.5,334.5,394.0,436.0,346.84615384615387,380.28125,470.34375,363.11764705882354,369.62745098039215,C
361,238,165,65,284,453,307.0,423.0,388.0,288.0,276.5,311.0,290.0,261.0,280.0,303.0,304.6666666666667,274.5,296.6666666666667,321.6666666666667,402.3333333333333,447.0,339.46153846153845,380.875,469.625,364.97058823529414,369.1764705882353,C
396,342,369,342,315,388,457.0,434.0,342.0,392.0,246.0,288.0,234.0,203.0,307.0,280.0,294.3333333333333,233.25,301.8333333333333,308.8333333333333,410.6666666666667,458.0,332.0769230769231,381.46875,468.90625,366.82352941176475,368.72549019607845,C
303,203,103,192,192,315,315.0,311.0,326.0,219.0,315.0,376.0,188.0,211.0,315.0,257.0,284.0,192.0,307.0,296.0,419.0,469.0,324.6923076923077,382.0625,468.1875,368.6764705882353,368.27450980392155,C
365,284,207,323,311,357,288.0,246.0,253.0,11.0,207.0,307.0,220.5,292.0,295.5,297.5,274.5,229.0,335.3333333333333,285.6666666666667,396.42857142857144,453.0,317.3076923076923,382.65625,467.46875,370.52941176470586,367.8235294117647,C
323,223,234,219,203,369,203.0,315.0,323.0,373.0,276.0,238.0,253.0,373.0,276.0,338.0,265.0,266.0,363.6666666666667,275.3333333333333,373.85714285714283,437.0,309.9230769230769,383.25,466.75,372.38235294117646,367.37254901960785,C
323,423,338,192,388,188,365.0,273.0,334.0,173.0,288.0,326.0,292.0,334.0,407.0,342.0,396.0,303.0,392.0,265.0,351.2857142857143,421.0,302.53846153846155,383.84375,466.03125,374.2352941176471,366.921568627451,C
326,288,342,238,392,284,319.0,184.0,346.0,246.0,376.0,415.0,265.0,246.0,338.0,273.0,415.0,292.0,442.0,434.0,328.7142857142857,405.0,295.15384615384613,384.4375,465.3125,376.0882352941177,366.47058823529414,C
284,207,315,303,419,219,315.0,257.0,292.0,388.0,334.0,446.0,238.0,273.0,207.0,273.0,246.0,457.0,419.0,395.6666666666667,306.1428571428571,389.0,287.7692307692308,385.03125,464.59375,377.94117647058823,366.01960784313724,C
269,211,315,207,303,284,403.0,269.0,403.0,157.0,276.0,384.0,403.0,311.0,423.0,261.0,353.0,273.0,396.0,357.3333333333333,283.57142857142856,373.0,280.38461538461536,385.625,463.875,379.79411764705884,365.5686274509804,C
211,157,269,223,284,176,361.0,242.0,342.0,169.0,365.0,288.0,369.0,484.0,323.0,211.0,373.0,276.0,373.0,319.0,261.0,357.0,273.0,386.21875,463.15625,381.6470588235294,365.11764705882354,C
407,192,196,153,269,369,361.0,315.0,207.0,323.0,238.0,361.0,276.0,361.0,238.0,415.0,338.0,426.0,265.0,319.0,238.0,384.0,338.0,386.8125,462.4375,383.5,364.6666666666667,C
153,357,273,361,188,323,176.0,334.0,257.0,326.0,384.0,284.0,423.0,292.0,273.0,257.0,365.0,223.0,388.0,296.0,257.0,419.0,328.5,387.40625,461.71875,385.3529411764706,364.21568627450984,C
376,215,292,192,353,226,403.0,365.0,288.0,396.0,276.0,334.0,419.0,384.0,384.0,296.0,373.0,192.0,376.0,296.0,273.0,253.0,319.0,388.0,461.0,387.2058823529412,363.7647058823529,C
303,126,211,161,357,173,373.0,192.0,353.0,188.0,184.0,46.0,296.0,134.0,292.0,296.0,465.0,326.0,384.0,296.0,284.5,259.6,326.0,376.09090909090907,448.72727272727275,389.05882352941177,363.3137254901961,C
303,153,119,126,115,246,242.0,253.0,223.0,288.0,278.5,240.0,384.5,301.5,307.5,319.0,403.5,297.5,336.0,286.0,296.0,266.2,333.0,364.1818181818182,436.45454545454544,390.9117647058823,362.8627450980392,C
369,296,276,176,219,219,188.0,269.0,288.0,384.0,373.0,434.0,473.0,469.0,323.0,342.0,342.0,269.0,288.0,276.0,307.5,272.8,340.0,352.27272727272725,424.1818181818182,392.7647058823529,362.4117647058824,C
276,338,353,307,307,334,419.0,365.0,361.0,465.0,419.0,465.0,478.5,453.5,278.5,335.6666666666667,324.75,245.0,277.5,273.2857142857143,319.0,279.4,347.0,340.3636363636364,411.9090909090909,394.61764705882354,361.96078431372547,C
257,142,142,103,261,311,326.0,342.0,269.0,346.0,423.0,496.0,484.0,438.0,234.0,329.3333333333333,307.5,221.0,267.0,270.57142857142856,330.5,286.0,354.0,328.45454545454544,399.6363636363636,396.47058823529414,361.5098039215686,C
146,173,311,334,411,338,415.0,376.0,246.0,353.0,438.0,357.0,446.0,346.0,273.0,323.0,290.25,197.0,256.5,267.85714285714283,342.0,292.6,361.0,316.54545454545456,387.3636363636364,398.32352941176475,361.05882352941177,C
311,188,161,226,215,176,192.0,265.0,361.0,361.0,411.0,415.0,392.0,453.0,261.0,234.0,273.0,173.0,246.0,265.14285714285717,353.5,299.2,368.0,304.6363636363636,375.0909090909091,400.1764705882353,360.6078431372549,C
396,492,419,496,396,376,196.0,269.0,288.0,353.0,203.0,261.0,269.0,357.0,257.0,326.0,196.0,259.5,332.5,262.42857142857144,365.0,305.8,375.0,292.72727272727275,362.8181818181818,402.02941176470586,360.156862745098,C
119,288,215,196,92,307,215.0,342.0,265.0,226.0,323.0,376.0,411.0,334.0,261.0,319.0,303.0,346.0,419.0,259.7142857142857,376.5,312.4,382.0,280.8181818181818,350.5454545454545,403.88235294117646,359.70588235294116,C
353,438,357,365,257,342,234.0,307.0,242.0,257.0,211.0,276.0,473.0,384.0,392.0,388.0,434.0,338.0,303.0,257.0,388.0,319.0,389.0,268.90909090909093,338.27272727272725,405.7352941176471,359.2549019607843,C
407,242,276,257,257,142,288.0,269.0,192.0,238.0,238.0,246.0,196.0,407.0,403.0,446.0,376.0,338.0,273.0,365.0,288.0,319.0,396.0,257.0,326.0,407.5882352941177,358.80392156862746,C
346,192,223,196,319,346,273.0,369.0,342.0,338.0,265.0,369.0,396.0,303.0,453.0,292.0,238.0,319.0,319.0,261.0,323.0,269.0,367.6666666666667,284.0,335.0,409.44117647058823,358.3529411764706,C
338,265,238,246,173,242,238.0,365.0,338.0,211.0,442.0,253.0,269.0,276.0,357.0,276.0,392.0,469.0,388.0,273.0,334.0,361.0,339.3333333333333,311.0,344.0,411.29411764705884,357.9019607843137,C
315,223,257,284,311,319,253.0,261.0,242.0,284.0,365.0,234.0,257.0,326.0,307.0,257.0,434.0,423.0,465.0,403.0,407.0,373.0,311.0,338.0,353.0,413.1470588235294,357.45098039215685,C
261,188,169,261,253,276,338.0,276.0,307.0,353.0,461.0,315.0,396.0,423.0,273.0,334.0,392.0,373.0,361.0,323.0,361.0,388.0,284.0,415.0,419.0,415.0,357.0,C
353,273,342,361,411,307,342.0,326.0,265.0,253.0,423.0,338.0,292.0,307.0,184.0,242.0,234.0,215.0,384.0,296.0,322.5,303.5,272.4,420.4,419.0,415.0,357.0,C
353,388,473,469,492,484,492.0,357.0,461.0,192.0,296.0,53.0,269.0,315.0,334.0,303.0,469.0,188.0,342.0,269.0,284.0,219.0,260.8,425.8,419.0,415.0,357.0,C
365,246,238,284,246,326,176.0,246.0,284.0,461.0,188.0,338.0,238.0,461.0,276.0,419.0,215.0,292.0,307.3333333333333,260.0,280.3333333333333,243.33333333333334,249.2,431.2,419.0,415.0,357.0,C
246,188,238,261,161,338,184.0,346.0,223.0,215.0,488.0,261.0,323.0,265.0,388.0,307.0,278.5,324.5,272.6666666666667,251.0,276.6666666666667,267.6666666666667,237.6,436.6,419.0,415.0,357.0,C
161,357,107,307,153,423,253.0,326.0,438.0,273.0,415.0,376.0,284.0,419.0,273.0,353.0,342.0,357.0,238.0,242.0,273.0,292.0,226.0,442.0,419.0,415.0,357.0,C
246,353,157,346,192,365,292.0,469.0,334.0,269.0,442.0,388.0,415.0,342.0,338.0,273.0,369.0,276.0,311.0,392.0,297.0,292.0,226.0,442.0,419.0,415.0,357.0,C
284,157,307,207,296,246,288.0,396.0,257.0,238.0,296.0,338.0,403.0,338.0,323.0,334.0,288.0,334.0,388.0,496.0,321.0,292.0,226.0,442.0,419.0,415.0,357.0,C
311,257,292,219,334,365,353.0,326.0,196.0,134.0,253.0,326.0,265.0,284.0,311.0,415.0,415.0,453.0,403.5,444.0,345.0,292.0,226.0,442.0,419.0,415.0,357.0,C
253,303,338,319,234,376,338.0,338.0,238.0,361.0,376.0,284.0,265.0,319.0,176.0,257.0,365.0,276.0,419.0,392.0,369.0,292.0,226.0,442.0,419.0,415.0,357.0,C
342,296,296,223,257,226,273.0,292.0,426.0,292.0,303.0,226.0,146.0,69.0,88.0,161.0,176.0,303.0,215.0,276.0,346.0,292.0,226.0,442.0,419.0,415.0,357.0,C
319,88,42,19,284,284,426.0,326.0,373.0,303.0,442.0,296.0,311.0,273.0,323.0,273.0,334.0,334.0,215.0,276.0,346.0,292.0,226.0,442.0,419.0,415.0,357.0,C
388,296,323,261,361,261,269.0,342.0,323.0,88.0,196.0,107.0,284.0,169.0,223.0,273.0,361.0,334.0,215.0,276.0,346.0,292.0,226.0,442.0,419.0,415.0,357.0,C
